kausi;lohko;nimi;O;M;S;P;J;VM;YV;AV;RL-;RL+;SR;TV;H;TM;IM
2024-2025;III-DIV - LR LOHKO A;Aaltonen, Mika;21;14;4;18;1;1;2;0;0;0;0;0;1;1;0
2024-2025;III-DIV - LR LOHKO A;Ahven, Mika;22;0;0;0;0;0;0;0;0;0;0;0;0;0;0
2024-2025;III-DIV - LR LOHKO A;Halme, Vesa;19;2;5;7;4;0;0;0;0;0;0;0;0;0;1
2024-2025;III-DIV - LR LOHKO A;Höykinpuro, Jesse;5;1;1;2;1;1;1;0;0;0;0;0;0;0;0
2024-2025;III-DIV - LR LOHKO A;Kananen, Henri;22;1;3;4;2;0;0;0;0;0;0;0;0;0;0
2024-2025;III-DIV - LR LOHKO A;Kiilunen, Juha;17;3;1;4;0;0;0;0;0;0;0;0;0;0;0
2024-2025;III-DIV - LR LOHKO A;Laaksonen, Jimi;22;1;1;2;5;0;0;0;0;0;0;0;0;0;0
2024-2025;III-DIV - LR LOHKO A;Laine, Jukka-Pekka;13;5;2;7;0;1;0;0;0;0;0;0;0;0;0
2024-2025;III-DIV - LR LOHKO A;Nissi, Juho;14;13;2;15;0;0;0;0;0;0;0;0;2;0;0
2024-2025;III-DIV - LR LOHKO A;Nykänen, Akseli;20;7;5;12;3;1;0;0;0;0;0;0;0;0;0
2024-2025;III-DIV - LR LOHKO A;Nynäs, Niko;6;0;0;0;0;0;0;0;0;0;0;0;0;0;0
2024-2025;III-DIV - LR LOHKO A;Mäenranta, Ville;21;2;9;11;0;0;0;0;0;0;0;0;0;0;0
2024-2025;III-DIV - LR LOHKO A;Oja-Nisula, Miika;21;5;10;15;0;2;0;0;0;0;0;0;0;0;0
2024-2025;III-DIV - LR LOHKO A;Pentti, Joonas;19;16;5;21;4;2;1;0;0;0;1;0;2;1;0
2024-2025;III-DIV - LR LOHKO A;Rannikko, Tomi;1;0;0;0;0;0;0;0;0;0;0;0;0;0;0
2024-2025;III-DIV - LR LOHKO A;Saarinen, Veikka;21;6;7;13;4;0;0;1;1;0;0;0;0;0;0
2024-2025;III-DIV - LR LOHKO A;Tuokko, Aleksi;19;3;11;14;2;0;0;0;0;0;1;0;0;0;0
2024-2025;III-DIV - LR LOHKO A;Vainio, Joni;18;4;0;4;2;0;0;0;0;0;0;0;0;0;0
2024-2025;III-DIV - LR LOHKO A;Vehviläinen, Olli-Pekka;4;0;0;0;0;0;0;0;0;0;0;0;0;0;0
2024-2025;III-DIV - LR LOHKO A;Vikman, Petri;22;8;10;18;0;1;0;0;1;0;0;0;0;0;0
2024-2025;III-DIV - LR LOHKO A;Vilmunen, Henri;6;0;3;3;0;0;0;0;0;0;0;0;0;0;0
2024-2025;III-DIV - LR LOHKO A;Virta, Matias;22;0;0;0;0;0;0;0;0;0;0;0;0;0;0
 2023-2024;IV-DIV - LR LOHKO A;Niko Nynäs;17;1;4;5;1;0;0;0;0;0;0;0;0;0;0
 2023-2024;IV-DIV - LR LOHKO A;Mika Ahven;20;0;2;2;1;0;0;0;0;0;0;0;0;0;0
 2023-2024;IV-DIV - LR LOHKO A;Olli-Pekka Vehviläinen;20;3;3;6;0;1;0;0;0;0;0;0;0;1;0
 2023-2024;IV-DIV - LR LOHKO A;Joni Vainio;18;6;3;9;0;1;0;0;0;0;0;0;0;0;0
 2023-2024;IV-DIV - LR LOHKO A;Akseli Nykänen;18;4;12;16;1;1;0;0;0;0;0;0;0;0;0
 2023-2024;IV-DIV - LR LOHKO A;Matias Virta;20;0;0;0;0;0;0;0;0;0;0;0;0;0;0
 2023-2024;IV-DIV - LR LOHKO A;Mika Aaltonen;20;22;8;30;0;3;0;0;0;0;0;0;3;0;0
 2023-2024;IV-DIV - LR LOHKO A;Veikka Saarinen;12;15;4;19;0;1;0;0;0;0;1;1;2;0;0
 2023-2024;IV-DIV - LR LOHKO A;Petri Vikman;18;7;17;24;2;1;0;0;0;0;0;0;0;0;0
 2023-2024;IV-DIV - LR LOHKO A;Ville Mäenranta;20;5;4;9;5;2;0;0;0;0;0;0;0;0;0
 2023-2024;IV-DIV - LR LOHKO A;Henri Kananen;20;1;4;5;1;0;0;0;0;0;0;0;0;0;0
 2023-2024;IV-DIV - LR LOHKO A;Jesse Höykinpuro;14;2;2;4;2;0;0;0;0;0;0;0;0;0;0
 2023-2024;IV-DIV - LR LOHKO A;Miika Oja-Nisula;18;10;15;25;2;0;1;1;0;0;0;0;0;1;0
 2023-2024;IV-DIV - LR LOHKO A;Juha Kiilunen;15;6;3;9;0;2;0;0;0;0;0;0;0;0;0
 2023-2024;IV-DIV - LR LOHKO A;Jimi Laaksonen;20;4;2;6;3;0;0;0;0;0;0;0;0;0;0
 2023-2024;IV-DIV - LR LOHKO A;Aleksi Tuokko;19;6;9;15;3;0;0;0;0;0;0;0;0;0;0
 2023-2024;IV-DIV - LR LOHKO A;Joonas Pentti;18;17;4;21;4;2;0;0;0;0;0;0;1;0;0
2023-2024;III-DIV - Karsinnat;Niko Nynäs;4;1;0;1;0;0;0;0;0;0;0;0;0;0;0
2023-2024;III-DIV - Karsinnat;Olli-Pekka Vehviläinen;4;1;0;1;1;1;0;0;0;0;0;0;0;0;0
2023-2024;III-DIV - Karsinnat;Joni Vainio;3;0;0;0;0;0;0;0;0;0;0;0;0;0;0
2023-2024;III-DIV - Karsinnat;Akseli Nykänen;4;5;1;6;0;0;0;0;0;0;0;0;1;0;0
2023-2024;III-DIV - Karsinnat;Matias Virta;3;0;0;0;0;0;0;0;0;0;0;0;0;0;0
2023-2024;III-DIV - Karsinnat;Mika Aaltonen;4;5;2;7;0;0;0;0;0;0;0;0;1;0;0
2023-2024;III-DIV - Karsinnat;Veikka Saarinen;4;1;1;2;0;0;0;0;0;0;0;0;0;0;0
2023-2024;III-DIV - Karsinnat;Petri Vikman;4;1;1;2;0;1;0;0;0;0;0;0;0;0;0
2023-2024;III-DIV - Karsinnat;Ville Mäenranta;4;0;0;0;0;0;0;0;0;0;0;0;0;0;0
2023-2024;III-DIV - Karsinnat;Henri Kananen;4;0;1;1;0;0;0;0;0;0;0;0;0;0;0
2023-2024;III-DIV - Karsinnat;Jesse Höykinpuro;3;0;3;3;1;0;0;0;0;0;0;0;0;0;0
2023-2024;III-DIV - Karsinnat;Miika Oja-Nisula;3;2;3;5;0;0;1;0;0;0;0;0;0;0;0
2023-2024;III-DIV - Karsinnat;Juha Kiilunen;4;0;2;2;0;0;0;0;0;0;0;0;0;0;0
2023-2024;III-DIV - Karsinnat;Jimi Laaksonen;4;1;1;2;1;0;0;0;0;0;0;0;0;0;0
2023-2024;III-DIV - Karsinnat;Aleksi Tuokko;4;1;2;3;1;0;0;0;0;0;0;0;0;0;0
2023-2024;III-DIV - Karsinnat;Joonas Pentti;4;6;3;9;0;1;0;1;0;1;0;0;0;0;0
2023-2024;IV-DIV + KARS;Niko Nynäs;21;2;4;6;1;0;0;0;0;0;0;0;0;0;0
2023-2024;IV-DIV + KARS;Olli-Pekka Vehviläinen;24;4;3;7;1;2;0;0;0;0;0;0;0;1;0
2023-2024;IV-DIV + KARS;Joni Vainio;21;6;3;9;0;1;0;0;0;0;0;0;0;0;0
2023-2024;IV-DIV + KARS;Akseli Nykänen;22;9;13;22;1;1;0;0;0;0;0;0;1;0;0
2023-2024;IV-DIV + KARS;Matias Virta;23;0;0;0;0;0;0;0;0;0;0;0;0;0;0
2023-2024;IV-DIV + KARS;Mika Aaltonen;24;27;10;37;0;3;0;0;0;0;0;0;4;0;0
2023-2024;IV-DIV + KARS;Veikka Saarinen;16;16;5;21;0;1;0;0;0;0;1;1;2;0;0
2023-2024;IV-DIV + KARS;Petri Vikman;22;8;18;26;2;2;0;0;0;0;0;0;0;0;0
2023-2024;IV-DIV + KARS;Ville Mäenranta;24;5;4;9;5;2;0;0;0;0;0;0;0;0;0
2023-2024;IV-DIV + KARS;Henri Kananen;24;1;5;6;1;0;0;0;0;0;0;0;0;0;0
2023-2024;IV-DIV + KARS;Jesse Höykinpuro;17;2;5;7;3;0;0;0;0;0;0;0;0;0;0
2023-2024;IV-DIV + KARS;Miika Oja-Nisula;21;12;18;30;2;0;2;1;0;0;0;0;0;1;0
2023-2024;IV-DIV + KARS;Juha Kiilunen;19;6;5;11;0;2;0;0;0;0;0;0;0;0;0
2023-2024;IV-DIV + KARS;Jimi Laaksonen;24;5;3;8;4;0;0;0;0;0;0;0;0;0;0
2023-2024;IV-DIV + KARS;Aleksi Tuokko;23;7;11;18;4;0;0;0;0;0;0;0;0;0;0
2023-2024;IV-DIV + KARS;Joonas Pentti;22;23;7;30;4;3;0;1;0;1;0;0;1;0;0
2022-2023;IV-DIV - LR LOHKO 10;Mika Aaltonen;22;20;14;34;4;3;4;;1;;;1;;;
2022-2023;IV-DIV - LR LOHKO 10;Joni Vainio;24;17;9;26;6;1;;;;;;;;;
2022-2023;IV-DIV - LR LOHKO 10;Petri Vikman;22;16;7;23;2;;1;;2;;;1;;;
2022-2023;IV-DIV - LR LOHKO 10;Akseli Nykänen;18;8;15;23;4;2;;;;1;;;;;
2022-2023;IV-DIV - LR LOHKO 10;Miika Oja-Nisula;20;9;10;19;4;1;;;;;;1;;;
2022-2023;IV-DIV - LR LOHKO 10;Marcus Savela;22;11;7;18;6;2;1;;;;;1;;1;
2022-2023;IV-DIV - LR LOHKO 10;Juha-Pekka Kiilunen;18;3;10;13;;;1;;;;;;;;
2022-2023;IV-DIV - LR LOHKO 10;Henri Kananen;20;1;10;11;2;;;;;;;;;;
2022-2023;IV-DIV - LR LOHKO 10;Veikka Saarinen;14;5;5;10;6;;;;;;;;;;
2022-2023;IV-DIV - LR LOHKO 10;Mika Ahven;22;2;7;9;;1;;;;;;;;;
2022-2023;IV-DIV - LR LOHKO 10;Jesse Höykinpuro;22;7;1;8;4;;1;;1;;;1;;;
2022-2023;IV-DIV - LR LOHKO 10;Jimi Laaksonen;20;4;1;5;6;;;;;;;;;;
2022-2023;IV-DIV - LR LOHKO 10;Ville Koivisto;14;3;2;5;;;;;;;;;;;
2022-2023;IV-DIV - LR LOHKO 10;Jasse Santavuori;3;1;0;1;;;;;;;;;;;
2022-2023;IV-DIV - LR LOHKO 10;Ville Mäenranta;10;1;0;1;8;;;;;;;;;;
2022-2023;IV-DIV - LR LOHKO 10;Jussi Uusi-Mikkola;6;0;0;0;;;;;;;;;;;
2021-2022;III-DIV - LR LOHKO 5;Kaj-Kristian Engblom;18;11;26;37;4;;;1;;;;;;;
2021-2022;III-DIV - LR LOHKO 5;Akseli Nykänen;16;12;10;22;4;1;;1;;;;1;;;
2021-2022;III-DIV - LR LOHKO 5;Mika Aaltonen;18;11;6;17;6;2;;1;;;;;;;
2021-2022;III-DIV - LR LOHKO 5;Veikka Saarinen;18;9;5;14;4;;;;;;;;;;
2021-2022;III-DIV - LR LOHKO 5;Jarno Peltola;18;7;5;12;27;1;;;;;;;;;
2021-2022;III-DIV - LR LOHKO 5;Miika Oja-Nisula;18;6;6;12;;1;1;;;;;;1;;
2021-2022;III-DIV - LR LOHKO 5;Joni Vainio;14;5;4;9;2;;;;;;;;;;
2021-2022;III-DIV - LR LOHKO 5;Jasse Santavuori;9;2;3;5;;;;;;;;;;;
2021-2022;III-DIV - LR LOHKO 5;Mauri Kurri;12;4;0;4;4;;;;;;;;;;
2021-2022;III-DIV - LR LOHKO 5;Pedar Järvensivu;6;4;0;4;2;;;;;;;;;;
2021-2022;III-DIV - LR LOHKO 5;Rami Takala;4;1;2;3;;;;;1;;;;;;
2021-2022;III-DIV - LR LOHKO 5;Mikko Hongisto;4;2;0;2;;;1;1;;;;;;;
2021-2022;III-DIV - LR LOHKO 5;Jesse Höykinpuro;14;0;2;2;8;;;;;;;;;;
2021-2022;III-DIV - LR LOHKO 5;Petri Vikman;4;0;2;2;;;;;;;;;;;
2021-2022;III-DIV - LR LOHKO 5;Juha-Pekka Kiilunen;6;0;1;1;;;;;;;;;;;
2021-2022;III-DIV - LR LOHKO 5;Vesa Kurppa;8;0;0;0;2;;;;;;;;;;
2021-2022;III-DIV - LR LOHKO 5;Ville Koivisto;6;0;0;0;;;;;;;;;;;
2021-2022;Karsinta;Kaj-Kristian Engblom;1;;1;1;;;;;;;;;;;
2021-2022;Karsinta;Akseli Nykänen;1;;;;;;;;;;;;;;
2021-2022;Karsinta;Mika Aaltonen;1;;;;;;;;;;;;;;
2021-2022;Karsinta;Veikka Saarinen;1;;;;;;;;;;;;;;
2021-2022;Karsinta;Jarno Peltola;1;;1;1;;;;;;;;;;;
2021-2022;Karsinta;Miika Oja-Nisula;1;;;;;;;;;;;;;;
2021-2022;Karsinta;Joni Vainio;1;;;;;;;;;;;;;;
2021-2022;Karsinta;Jasse Santavuori;1;1;;1;;;;;;;;;;;
2021-2022;Karsinta;Mauri Kurri;1;1;;1;;;;;;;;;;;
2021-2022;Karsinta;Pedar Järvensivu;;;;;;;;;;;;;;;
2021-2022;Karsinta;Rami Takala;1;;;;;;;;;;;;;;
2021-2022;Karsinta;Mikko Hongisto;;;;;;;;;;;;;;;
2021-2022;Karsinta;Jesse Höykinpuro;1;;;;;;;;;;;;;;
2021-2022;Karsinta;Petri Vikman;;;;;;;;;;;;;;;
2021-2022;Karsinta;Juha-Pekka Kiilunen;1;;;;;;;;;;;;;;
2021-2022;Karsinta;Ville Koivisto;1;;;;;;;;;;;;;;
2021-2022;Karsinta;Lassi Liukkonen;1;;;;;;;;;;;;;;
2020-2021;III-DIV - LR LOHKO 6;Jani Ruuskanen;2;2;1;3;2;;;;;;;;;;
2020-2021;III-DIV - LR LOHKO 6;Mika Aaltonen;2;1;1;2;2;;;;;;;;;;
2020-2021;III-DIV - LR LOHKO 6;Ville Koivisto;2;0;2;2;;;;;;;;;;;
2020-2021;III-DIV - LR LOHKO 6;Kaj-Kristian Engblom;2;1;0;1;;;;;;;;;;;
2020-2021;III-DIV - LR LOHKO 6;Miika Oja-Nisula;2;1;0;1;;;;;;;;;;;
2020-2021;III-DIV - LR LOHKO 6;Veikka Saarinen;2;0;1;1;;;;;;;;;;;
2020-2021;III-DIV - LR LOHKO 6;Rami Takala;2;0;0;0;;;;;;;;;;;
2020-2021;III-DIV - LR LOHKO 6;Jarno Peltola;2;0;0;0;2;;;;;;;;;;
2020-2021;III-DIV - LR LOHKO 6;Sami Pöllänen;2;0;0;0;;;;;;;;;;;
2020-2021;III-DIV - LR LOHKO 6;Juha-Pekka Kiilunen;2;0;0;0;2;;;;;;;;;;
2020-2021;III-DIV - LR LOHKO 6;Joni Vainio;2;0;0;0;;;;;;;;;;;
2020-2021;III-DIV - LR LOHKO 6;Jesse Höykinpuro;2;0;0;0;2;;;;;;;;;;
2019-2020;IV-DIV - LR LOHKO 9;Kaj Engblom;16;12;33;45;2;;;;;1;;1;;;
2019-2020;IV-DIV - LR LOHKO 9;Ville Koivisto;16;13;15;28;;;1;;;;;1;;1;
2019-2020;IV-DIV - LR LOHKO 9;Mika Aaltonen;16;23;4;27;2;4;4;;;;;2;;;
2019-2020;IV-DIV - LR LOHKO 9;Rami Takala;15;19;7;26;;5;1;;;1;;2;;;
2019-2020;IV-DIV - LR LOHKO 9;Jarno Peltola;14;14;6;20;;1;1;;;;;;;;
2019-2020;IV-DIV - LR LOHKO 9;Sami Pöllänen;14;6;4;10;;2;;;;;;1;;;
2019-2020;IV-DIV - LR LOHKO 9;Ville Rinnola;10;1;6;7;;;;;;;;;;;
2019-2020;IV-DIV - LR LOHKO 9;Miika Oja-Nisula;14;3;3;6;;;;;;;;;;;
2019-2020;IV-DIV - LR LOHKO 9;Mauri Kurri;16;2;3;5;2;;;;;;;;;;
2019-2020;IV-DIV - LR LOHKO 9;Joni Vainio;6;2;1;3;;;;;;;;;;;
2019-2020;IV-DIV - LR LOHKO 9;Vesa Kurppa;14;0;2;2;;;;;;;;;;;
2019-2020;IV-DIV - LR LOHKO 9;Pessi Aro;6;1;0;1;;;;;;;;;;;
2019-2020;IV-DIV - LR LOHKO 9;Tuukka Mettälä;6;0;1;1;;;;;;;;;;;
2019-2020;IV-DIV - LR LOHKO 9;Jussi Uusi-Mikkola;6;0;1;1;;;;;;;;;;;
2019-2020;IV-DIV - LR LOHKO 9;Jesse Hyökinpuro;2;0;0;0;;;;;;;;;;;
2019-2020;IV-DIV - LR LOHKO 9;Matias Mäkilä;3;0;0;0;;;;;;;;;;;
2019-2020;Suomen Cup;Kaj Engblom;3;4;3;7;-;-;1;-;-;-;-;-;-;-;
2019-2020;Suomen Cup;Ville Koivisto;3;1;6;7;-;-;-;-;-;-;-;-;-;-;
2019-2020;Suomen Cup;Mika Aaltonen;3;2;2;4;-;-;-;-;-;-;-;-;-;-;
2019-2020;Suomen Cup;Rami Takala;3;5;;5;-;1;-;-;;1;-;-;1;-;
2019-2020;Suomen Cup;Sami Pöllänen;3;1;1;2;-;-;-;1;-;-;-;-;-;-;
2019-2020;Suomen Cup;Mauri Kurri;3;;;0;-;-;-;-;-;-;-;-;-;-;
2019-2020;Suomen Cup;Vesa Kurppa;3;3;1;4;-;-;-;-;-;-;-;-;-;-;
2019-2020;Suomen Cup;Pessi Aro;3;;1;1;5;-;-;-;-;-;-;-;-;-;
2019-2020;Suomen Cup;Matias Mäkilä;3;3;2;5;-;-;-;-;-;-;-;-;-;-;
2018-2019;IV-DIV - LR LOHKO 10;Joni Vainio;15;7;2;9;2;1;1;-;-;-;-;-;-;-;
2018-2019;IV-DIV - LR LOHKO 10;Ville Koivisto;21;23;14;37;8;1;2;-;-;-;-;-;3;-;
2018-2019;IV-DIV - LR LOHKO 10;Matias Mäkilä;16;4;2;6;4;-;-;-;-;-;-;-;-;-;
2018-2019;IV-DIV - LR LOHKO 10;Mauri Kurri;19;6;7;13;2;1;1;-;-;-;-;-;-;-;
2018-2019;IV-DIV - LR LOHKO 10;Miika Oja-Nisula;21;16;15;31;4;-;1;-;-;-;-;-;1;-;
2018-2019;IV-DIV - LR LOHKO 10;Mika Aaltonen;18;14;10;24;0;2;2;-;-;-;-;1;1;-;
2018-2019;IV-DIV - LR LOHKO 10;Jarno Peltola;21;15;18;33;8;4;1;-;-;-;-;-;1;-;
2018-2019;IV-DIV - LR LOHKO 10;Rami Takala;15;8;4;12;2;1;1;-;-;-;-;-;-;1;
2018-2019;IV-DIV - LR LOHKO 10;Tuukka Mettälä;18;1;2;3;2;1;-;-;-;-;-;-;-;-;
2018-2019;IV-DIV - LR LOHKO 10;Sami Pöllänen;19;10;6;16;4;1;-;-;-;-;-;-;-;-;
2018-2019;IV-DIV - LR LOHKO 10;Kaj Engblom;21;13;31;44;5;3;-;-;1;-;-;-;2;-;
2018-2019;IV-DIV - LR LOHKO 10;Jesse Höykinpuro;14;7;3;10;4;3;-;-;-;-;-;-;-;-;
2018-2019;IV-DIV - LR LOHKO 10;Jussi Uusi-Mikkola;12;1;1;2;0;-;-;-;-;-;-;-;-;-;
2018-2019;KARSINNAT M3D;Joni Vainio;3;3;0;3;0;-;-;-;-;-;-;-;1;-;
2018-2019;KARSINNAT M3D;Ville Koivisto;3;2;1;3;0;1;1;-;-;-;-;-;-;-;
2018-2019;KARSINNAT M3D;Matias Mäkilä;3;0;0;0;0;-;-;-;-;-;-;-;-;-;
2018-2019;KARSINNAT M3D;Mauri Kurri;3;0;0;0;0;-;-;-;-;-;-;-;-;-;
2018-2019;KARSINNAT M3D;Miika Oja-Nisula;3;2;0;2;0;-;-;-;-;-;-;-;-;-;
2018-2019;KARSINNAT M3D;Mika Aaltonen;3;3;2;5;0;-;2;-;-;-;-;-;-;-;
2018-2019;KARSINNAT M3D;Jarno Peltola;3;0;1;1;0;-;-;-;-;-;-;-;-;-;
2018-2019;KARSINNAT M3D;Rami Takala;3;0;0;0;4;-;-;-;-;-;-;-;-;;
2018-2019;KARSINNAT M3D;Tuukka Mettälä;3;0;1;1;2;-;-;-;-;-;-;-;-;-;
2018-2019;KARSINNAT M3D;Sami Pöllänen;3;2;0;2;0;-;1;-;-;-;-;-;-;-;
2018-2019;KARSINNAT M3D;Kaj Engblom;3;0;6;6;16;-;-;-;;-;-;-;;-;
2018-2019;KARSINNAT M3D;Jesse Höykinpuro;3;0;0;0;0;-;-;-;-;-;-;-;-;-;
2018-2019;KARSINNAT M3D;Jussi Uusi-Mikkola;3;0;1;1;0;-;-;-;-;-;-;-;-;-;
2017-2018;IV-DIV;Joni Vainio;17;7;2;9;1;-;1;-;-;-;-;-;-;-;
2017-2018;IV-DIV;Ville Koivisto;17;7;9;16;3;-;-;-;-;-;1;-;1;1;
2017-2018;IV-DIV;Matias Mäkilä;17;5;3;8;2;1;1;-;-;-;-;-;-;-;
2017-2018;IV-DIV;Mauri Kurri;17;3;4;7;1;-;1;-;-;-;-;-;-;-;
2017-2018;IV-DIV;Miika Oja-Nisula;17;0;1;1;0;-;-;-;-;-;-;-;-;-;
2017-2018;IV-DIV;Mika Aaltonen;17;12;8;20;1;2;-;-;-;-;-;-;1;-;
2017-2018;IV-DIV;Jarno Peltola;17;4;4;8;4;-;-;-;-;-;-;-;-;-;
2017-2018;IV-DIV;Ville Mettälä;17;0;0;0;0;-;-;-;-;-;-;-;-;-;
2017-2018;IV-DIV;Tuukka Mettälä;17;0;8;8;1;-;-;-;-;-;-;-;-;-;
2017-2018;IV-DIV;Henrik Lehtonen;17;2;2;4;1;-;-;-;-;-;-;-;-;-;
2017-2018;IV-DIV;Sami Pöllänen;17;7;5;12;1;1;1;-;-;-;-;-;-;-;
2017-2018;IV-DIV;Atte Nieminen;17;1;0;1;0;-;-;-;-;-;-;-;-;-;
2017-2018;IV-DIV;Kaj Engblom;17;7;9;16;2;-;1;-;-;-;-;-;-;-;
2017-2018;IV-DIV;Jesse Höykinpuro;17;7;3;10;1;2;1;-;-;-;-;-;-;1;
2017-2018;IV-DIV;Robin Mattila;17;5;4;9;0;-;-;-;-;-;-;-;-;-;
2017-2018;IV-DIV;Lassi Liukkonen;17;0;0;0;0;-;-;-;-;-;-;-;-;-;
2016-2017;IV-DIV;Joni Vainio;16;7;1;8;0;1;1;-;-;-;-;-;-;-;
2016-2017;IV-DIV;Ville Koivisto;16;16;8;24;4;2;1;-;-;-;-;-;1;-;
2016-2017;IV-DIV;Matias Mäkilä;16;7;2;9;0;0;0;-;-;-;-;-;1;1;
2016-2017;IV-DIV;Mauri Kurri;16;2;1;3;1;0;1;-;-;-;-;-;-;-;
2016-2017;IV-DIV;Miika Oja-Nisula;16;8;6;14;2;0;0;1;-;-;-;-;-;-;
2016-2017;IV-DIV;Mika Aaltonen;16;9;4;13;1;0;2;-;-;-;-;-;1;-;
2016-2017;IV-DIV;Jarno Peltola;16;3;9;12;9;2;0;-;-;-;-;-;-;-;
2016-2017;IV-DIV;Ville Mettälä;16;3;2;5;0;0;0;-;-;-;-;-;-;-;
2016-2017;IV-DIV;Tuukka Mettälä;16;0;5;5;2;0;0;-;-;-;-;-;-;-;
2016-2017;IV-DIV;Henrik Lehtonen;16;2;2;4;0;0;0;-;-;-;-;-;-;-;
2016-2017;IV-DIV;Sami Pöllänen;16;2;7;9;3;0;1;-;-;-;-;-;-;-;
2016-2017;IV-DIV;Atte Nieminen;16;2;1;3;2;1;0;-;-;-;-;-;-;-;
2016-2017;IV-DIV;Kaj Engblom;16;4;9;13;3;0;0;-;-;-;-;-;-;-;
2016-2017;IV-DIV;Jesse Höykinpuro;16;3;3;6;6;0;1;-;-;-;-;-;-;-;
2015-2016;IV-DIV;Joni Vainio;20;12;4;16;1;2;0;-;;1;-;-;1;-;
2015-2016;IV-DIV;Ville Koivisto;20;19;12;31;2;0;4;-;-;-;-;-;2;-;
2015-2016;IV-DIV;Matias Mäkilä;20;8;2;10;0;0;0;-;1;-;-;-;-;-;
2015-2016;IV-DIV;Mauri Kurri;20;3;1;4;2;1;0;-;-;-;-;-;-;-;
2015-2016;IV-DIV;Miika Oja-Nisula;20;4;4;8;1;0;0;-;-;-;-;-;-;-;
2015-2016;IV-DIV;Mika Aaltonen;20;11;14;25;1;4;1;-;-;-;-;-;-;-;
2015-2016;IV-DIV;Jarno Peltola;20;6;15;21;0;0;1;-;-;-;-;-;-;-;
2015-2016;IV-DIV;Ville Mettälä;20;0;5;5;0;0;0;-;-;-;-;-;-;-;
2015-2016;IV-DIV;Tuukka Mettälä;20;3;4;7;0;0;0;-;-;-;-;-;-;-;
2015-2016;IV-DIV;Henrik Lehtonen;20;2;4;6;1;0;0;-;-;-;-;-;-;-;
2015-2016;IV-DIV;Sami Pöllänen;20;3;2;5;2;0;0;-;-;-;-;-;-;-;
2015-2016;IV-DIV;Atte Nieminen;20;10;3;13;0;0;0;-;-;-;-;-;1;-;
2015-2016;IV-DIV;Kaj Engblom;20;6;7;13;2;0;0;-;1;-;-;-;-;-;
2014-2015;IV-DIV;Timo Suominen;3;0;1;1;0;-;-;-;-;-;-;-;-;-;
2014-2015;IV-DIV;Samuli Sutinen;18;2;2;4;0;-;-;-;-;-;-;-;-;-;
2014-2015;IV-DIV;Kaj Engblom;18;25;20;45;2;2;3;-;1;1;-;-;3;-;
2014-2015;IV-DIV;Atte Nieminen;16;6;4;10;0;1;1;-;-;-;-;-;-;-;
2014-2015;IV-DIV;Ville Koivisto;18;11;7;18;33;2;1;-;-;-;-;-;1;-;
2014-2015;IV-DIV;Mauri Kurri;18;2;2;4;2;1;-;-;-;-;-;-;-;-;
2014-2015;IV-DIV;Mika Aaltonen;16;13;8;21;2;-;-;-;-;-;-;1;2;-;
2014-2015;IV-DIV;Jarno Peltola;18;5;11;16;0;-;-;-;-;-;-;-;-;1;
2014-2015;IV-DIV;Sampo Suvitie;10;0;1;1;0;-;-;-;-;-;-;-;-;-;
2014-2015;IV-DIV;Sami Pöllänen;17;5;1;6;2;2;-;-;-;-;-;-;-;-;
2014-2015;IV-DIV;Tuukka Mettälä;15;4;8;12;2;-;-;-;-;-;-;-;-;-;
2014-2015;IV-DIV;Ville Mettälä;14;4;3;7;0;1;-;-;-;-;-;-;1;-;
2014-2015;IV-DIV;Henrik Lehtonen;15;1;3;4;2;1;-;-;-;-;-;-;-;-;
2014-2015;IV-DIV;Miika Oja-Nisula;14;5;3;8;0;1;-;-;-;-;-;-;1;-;
2014-2015;IV-DIV;Jussi Uusi-Mikkola;9;1;2;3;12;-;-;-;-;-;-;-;-;-;
2014-2015;IV-DIV;Ville Rinnola;16;4;5;9;2;-;-;-;-;-;-;-;-;1;
2014-2015;IV-DIV;Matias Mäkilä;16;6;1;7;0;1;-;-;-;-;1;-;-;-;
2013-2014;IV-DIV;Timo Suominen;2;0;0;0;0;-;-;-;-;-;-;-;-;-;
2013-2014;IV-DIV;Samuli Sutinen;10;2;5;7;2;-;-;-;-;-;-;-;-;-;
2013-2014;IV-DIV;Kaj Engblom;15;16;21;37;2;1;-;-;;1;1;-;1;-;
2013-2014;IV-DIV;Atte Nieminen;13;10;4;14;8;1;-;-;-;-;;-;1;-;
2013-2014;IV-DIV;Ville Koivisto;17;18;15;33;12;4;3;-;-;-;-;-;2;1;
2013-2014;IV-DIV;Mauri Kurri;8;1;3;4;0;-;-;-;-;-;-;-;-;-;
2013-2014;IV-DIV;Mika Aaltonen;13;16;3;19;6;1;2;1;-;-;1;1;1;-;
2013-2014;IV-DIV;Sampo Suvitie;5;1;2;3;0;-;-;-;-;-;-;-;-;-;
2013-2014;IV-DIV;Sami Pöllänen;10;2;3;5;2;2;-;-;-;-;-;-;-;-;
2013-2014;IV-DIV;Tuukka Mettälä;11;3;9;12;2;-;-;-;-;-;-;-;-;-;
2013-2014;IV-DIV;Aki Kuntonen;2;0;0;0;0;-;-;-;-;-;-;-;-;-;
2013-2014;IV-DIV;Henrik Lehtonen;8;9;3;12;0;-;1;-;-;-;-;-;-;-;
2013-2014;IV-DIV;Ville Suominen;3;0;0;0;0;-;-;-;-;-;-;-;-;-;
2013-2014;IV-DIV;Jori Murto;4;1;1;2;0;-;-;-;-;-;-;-;-;-;
2013-2014;IV-DIV;Matias Mäkilä;6;1;0;1;4;-;-;-;-;-;-;-;-;-;
2012-2013;V-DIV;Niko Nynäs;12;5;2;7;2;2;-;-;-;-;-;-;-;;
2012-2013;V-DIV;Timo Suominen;10;2;0;2;0;-;-;-;-;-;-;-;-;;
2012-2013;V-DIV;Samuli Sutinen;17;4;6;10;2;-;-;-;-;-;-;-;-;;
2012-2013;V-DIV;Esa Saarnio;10;5;3;8;2;-;-;-;-;-;-;-;1;;
2012-2013;V-DIV;Kaj Engblom;11;7;27;34;4;1;-;-;1;1;-;-;-;;
2012-2013;V-DIV;Juuso Helander;13;5;3;8;4;-;-;-;-;-;1;-;1;;
2012-2013;V-DIV;Matti Salonen;15;23;5;28;63;3;-;1;-;-;-;1;3;;
2012-2013;V-DIV;Mauri Kurri;13;2;1;3;6;1;-;-;-;-;-;-;-;;
2012-2013;V-DIV;Mika Aaltonen;12;12;3;15;0;2;1;1;-;-;-;-;2;;
2012-2013;V-DIV;Sampo Suvitie;7;0;0;0;2;-;-;-;-;-;-;-;-;;
2012-2013;V-DIV;Lasse Saarnio;17;9;15;24;2;1;-;-;-;-;-;-;1;;
2012-2013;V-DIV;Sampsa Leinonen;11;1;6;7;2;-;-;-;-;-;-;-;-;;
2012-2013;V-DIV;Aki Kuntonen;7;4;2;6;0;-;1;-;-;-;-;-;-;;
2012-2013;V-DIV;Henrik Lehtonen;15;8;2;10;0;1;2;-;-;-;-;-;1;;
2012-2013;V-DIV;Jussi Uusi-Mikkola;15;3;6;9;0;-;-;-;-;-;-;-;-;;
2012-2013;V-DIV;Jori Murto;7;4;1;5;0;-;-;-;-;-;-;-;-;;
2011-2012;IV-DIV;Niko Nynäs;18;2;5;7;2;1;-;-;-;-;-;-;-;;
2011-2012;IV-DIV;Jaakko Toivola;16;5;5;10;0;-;-;-;-;-;-;-;-;;
2011-2012;IV-DIV;Kaj Engblom;17;18;16;34;56;1;1;2;1;1;1;1;-;;
2011-2012;IV-DIV;Mika Javanainen;16;2;2;4;2;-;-;-;-;-;-;-;-;;
2011-2012;IV-DIV;Juuso Helander;16;7;5;12;2;1;-;-;-;-;-;-;1;;
2011-2012;IV-DIV;Matti Salonen;17;3;3;6;41;-;1;-;-;-;-;-;-;;
2011-2012;IV-DIV;Mauri Kurri;17;3;5;8;14;-;1;-;-;-;-;-;-;;
2011-2012;IV-DIV;Mika Aaltonen;16;11;7;18;2;1;-;-;-;-;-;-;-;;
2011-2012;IV-DIV;Sampo Suvitie;14;0;4;4;0;-;-;-;-;-;-;-;-;;
2011-2012;IV-DIV;Lasse Saarnio;17;8;5;13;6;1;-;-;-;-;1;1;-;;
2011-2012;IV-DIV;Sampsa Leinonen;13;2;2;4;33;1;-;-;-;-;-;-;-;;
2011-2012;IV-DIV;Jori Murto;18;9;2;11;2;1;2;-;-;-;-;-;-;;
2011-2012;IV-DIV;Matias Mäkilä;14;0;0;0;0;-;-;-;-;-;-;-;-;;
