Unnamed: 0,Unnamed: 1,Unnamed: 2,Unnamed: 3,Unnamed: 4,Unnamed: 5,Unnamed: 6,Unnamed: 7,Unnamed: 8,Unnamed: 9,Unnamed: 10,Unnamed: 11,Unnamed: 12,Unnamed: 13,Unnamed: 14,Unnamed: 15,Unnamed: 16,Unnamed: 17,Unnamed: 18,Unnamed: 19,Unnamed: 20,Unnamed: 21,Unnamed: 22,Unnamed: 23,Unnamed: 24,Unnamed: 25,Unnamed: 26,Unnamed: 27,Unnamed: 28,Unnamed: 29,Unnamed: 30,Unnamed: 31,Unnamed: 32,Unnamed: 33,Unnamed: 34,Unnamed: 35,Unnamed: 36,Unnamed: 37,Unnamed: 38,Unnamed: 39,Unnamed: 40,Unnamed: 41,Unnamed: 42,Unnamed: 43,Unnamed: 44,Unnamed: 45,Unnamed: 46,Unnamed: 47,Unnamed: 48,Unnamed: 49,Unnamed: 50,Unnamed: 51,Unnamed: 52,Unnamed: 53,Unnamed: 54
,SekTa,,,,TILASTOT,,,,,,,,,,,,,,,,,,,,,,,,,,,,,,,,,,,,,,,,,,,,,,,,,
,Pelaajat,,,,,,,,,,,,,,,,,,,,,,,,,,,,,,,,,,,,,,,,,,,,,,,,,,,,,
,,,,,,,,,,,,,,,,,,,,,,,,,,,,,,,,,,,,,,,,,,,,,,,,,,,,,,
,KAUSI 2024-2025,III-DIV - LR LOHKO A,,,,PELAAJAT,,,,,,,,,,,,,,,,,,,,,,,,,,,,,,,,,,,,,,,,,,,,,,,,
,,,,,,,,,,,,,,,,,,,,,,,,,,,,,,,,,,,,,,,,,,,,,,,,,,,,,,
,,O,M,S,P,J,VM,YV,AV,RL-,RL+,SR,TV,H,TM,IM,,,,,,,,,,,,,,,,,,,,,,,,,,,,,,,,,,,,,,
,"Aaltonen, Mika",21,14,4,18,1,1,2,0,0,0,0,0,1,1,0,,,,,,,,,,,,,,,,,,,,,,,,,,,,,,,,,,,,,,
,"Ahven, Mika",22,0,0,0,0,0,0,0,0,0,0,0,0,0,0,,,,,,,,,,,,,,,,,,,,,,,,,,,,,,,,,,,,,,
,"Halme, Vesa",19,2,5,7,4,0,0,0,0,0,0,0,0,0,1,,,,,,,,,,,,,,,,,,,,,,,,,,,,,,,,,,,,,,
,"Höykinpuro, Jesse",5,1,1,2,1,1,1,0,0,0,0,0,0,0,0,,,,,,,,,,,,,,,,,,,,,,,,,,,,,,,,,,,,,,
,"Kananen, Henri",22,1,3,4,2,0,0,0,0,0,0,0,0,0,0,,,,,,,,,,,,,,,,,,,,,,,,,,,,,,,,,,,,,,
,"Kiilunen, Juha",17,3,1,4,0,0,0,0,0,0,0,0,0,0,0,,,,,,,,,,,,,,,,,,,,,,,,,,,,,,,,,,,,,,
,"Laaksonen, Jimi",22,1,1,2,5,0,0,0,0,0,0,0,0,0,0,,,,,,,,,,,,,,,,,,,,,,,,,,,,,,,,,,,,,,
,"Laine, Jukka-Pekka",13,5,2,7,0,1,0,0,0,0,0,0,0,0,0,,,,,,,,,,,,,,,,,,,,,,,,,,,,,,,,,,,,,,
,"Nissi, Juho",14,13,2,15,0,0,0,0,0,0,0,0,2,0,0,,,,,,,,,,,,,,,,,,,,,,,,,,,,,,,,,,,,,,
,"Nykänen, Akseli",20,7,5,12,3,1,0,0,0,0,0,0,0,0,0,,,,,,,,,,,,,,,,,,,,,,,,,,,,,,,,,,,,,,
,"Nynäs, Niko",6,0,0,0,0,0,0,0,0,0,0,0,0,0,0,,,,,,,,,,,,,,,,,,,,,,,,,,,,,,,,,,,,,,
,"Mäenranta, Ville",21,2,9,11,0,0,0,0,0,0,0,0,0,0,0,,,,,,,,,,,,,,,,,,,,,,,,,,,,,,,,,,,,,,
,"Oja-Nisula, Miika",21,5,10,15,0,2,0,0,0,0,0,0,0,0,0,,,,,,,,,,,,,,,,,,,,,,,,,,,,,,,,,,,,,,
,"Pentti, Joonas",19,16,5,21,4,2,1,0,0,0,1,0,2,1,0,,,,,,,,,,,,,,,,,,,,,,,,,,,,,,,,,,,,,,
,"Rannikko, Tomi",1,0,0,0,0,0,0,0,0,0,0,0,0,0,0,,,,,,,,,,,,,,,,,,,,,,,,,,,,,,,,,,,,,,
,"Saarinen, Veikka",21,6,7,13,4,0,0,1,1,0,0,0,0,0,0,,,,,,,,,,,,,,,,,,,,,,,,,,,,,,,,,,,,,,
,"Tuokko, Aleksi",19,3,11,14,2,0,0,0,0,0,1,0,0,0,0,,,,,,,,,,,,,,,,,,,,,,,,,,,,,,,,,,,,,,
,"Vainio, Joni",18,4,0,4,2,0,0,0,0,0,0,0,0,0,0,,,,,,,,,,,,,,,,,,,,,,,,,,,,,,,,,,,,,,
,"Vehviläinen, Olli-Pekka",4,0,0,0,0,0,0,0,0,0,0,0,0,0,0,,,,,,,,,,,,,,,,,,,,,,,,,,,,,,,,,,,,,,
,"Vikman, Petri",22,8,10,18,0,1,0,0,1,0,0,0,0,0,0,,,,,,,,,,,,,,,,,,,,,,,,,,,,,,,,,,,,,,
,"Vilmunen, Henri",6,0,3,3,0,0,0,0,0,0,0,0,0,0,0,,,,,,,,,,,,,,,,,,,,,,,,,,,,,,,,,,,,,,
,"Virta, Matias",22,0,0,0,0,0,0,0,0,0,0,0,0,0,0,,,,,,,,,,,,,,,,,,,,,,,,,,,,,,,,,,,,,,
,,,91,79,170,28,9,4,1,2 / 2,0 / 2,2,0,5,2,1,,,,,,,,,,,,,,,,,,,,,,,,,,,,,,,,,,,,,,
,,,,,,,,,,,,,,,,,,,,,,,,,,,,,,,,,,,,,,,,,,,,,,,,,,,,,,
,KAUSI 2024-2025,III-DIV - LR LOHKO A,,,,MAALIVAHDIT,,,,,,,,,,,,,,,,,,,,,,,,,,,,,,,,,,,,,,,,,,,,,,,,
,,,,,,,,,,,,,,,,,,,,,,,,,,,,,,,,,,,,,,,,,,,,,,,,,,,,,,
,,O,T%,PMO,T,PM,V,NP,,,,,,,,,,,,,,,,,,,,,,,,,,,,,,,,,,,,,,,,,,,,,,
,Mika Ahven (MV),14,0.8188679245283019,3.4285714285714284,265,48,8,0,,,,,,,,,,,,,,,,,,,,,,,,,,,,,,,,,,,,,,,,,,,,,,
,Matias Virta (MV),8,0.7484276729559749,5,159,40,1,0,,,,,,,,,,,,,,,,,,,,,,,,,,,,,,,,,,,,,,,,,,,,,,
,,,0.7836477987421384,4.214285714285714,424,88,9,0,,,,,,,,,,,,,,,,,,,,,,,,,,,,,,,,,,,,,,,,,,,,,,
,,,,,,,,,,,,,,,,,,,,,,,,,,,,,,,,,,,,,,,,,,,,,,,,,,,,,,
,,,,,,,,,,,,,,,,,,,,,,,,,,,,,,,,,,,,,,,,,,,,,,,,,,,,,,
,,,,,,,,,,,,,,,,,,,,,,,,,,,,,,,,,,,,,,,,,,,,,,,,,,,,,,
,,,,,,,,,,,,,,,,,,,,,,,,,,,,,,,,,,,,,,,,,,,,,,,,,,,,,,
,,,,,,,,,,,,,,,,,,,,,,,,,,,,,,,,,,,,,,,,,,,,,,,,,,,,,,
,,,,,,,,,,,,,,,,,,,,,,,,,,,,,,,,,,,,,,,,,,,,,,,,,,,,,,
,,,,,,,,,,,,,,,,,,,,,,,,,,,,,,,,,,,,,,,,,,,,,,,,,,,,,,
,,,,,,,,,,,,,,,,,,,,,,,,,,,,,,,,,,,,,,,,,,,,,,,,,,,,,,
,,,,,,,,,,,,,,,,,,,,,,,,,,,,,,,,,,,,,,,,,,,,,,,,,,,,,,
,KAUSI 2023-2024,IV-DIV - LR LOHKO A,,,,PELAAJAT,,,,,,,,,,,,,,KAUSI 2023-2024,III-DIV - Karsinnat,,,,PELAAJAT,,,,,,,,,,,,,,KAUSI 2023-2024,IV-DIV + KARS,,,,PELAAJAT,,,,,,,,,,
,,,,,,,,,,,,,,,,,,,,,,,,,,,,,,,,,,,,,,,,,,,,,,,,,,,,,,
,,O,M,S,P,J,VM,YV,AV,RL-,RL+,SR,TV,H,TM,IM,,,,,O,M,S,P,J,VM,YV,AV,RL-,RL+,SR,TV,H,TM,IM,,,,,O,M,S,P,J,VM,YV,AV,RL-,RL+,SR,TV,H,TM,IM
,Niko Nynäs,17,1,4,5,1,0,0,0,0,0,0,0,0,0,0,,,,Niko Nynäs,4,1,0,1,0,0,0,0,0,0,0,0,0,0,0,,,,Niko Nynäs,21,2,4,6,1,0,0,0,0,0,0,0,0,0,0
,Mika Ahven,20,0,2,2,1,0,0,0,0,0,0,0,0,0,0,,,,Mika Ahven,4,0,0,0,0,0,0,0,0,0,0,0,0,0,0,,,,Mika Ahven,24,0,2,2,1,0,0,0,0,0,0,0,0,0,0
,Olli-Pekka Vehviläinen,20,3,3,6,0,1,0,0,0,0,0,0,0,1,0,,,,Olli-Pekka Vehviläinen,4,1,0,1,1,1,0,0,0,0,0,0,0,0,0,,,,Olli-Pekka Vehviläinen,24,4,3,7,1,2,0,0,0,0,0,0,0,1,0
,Joni Vainio,18,6,3,9,0,1,0,0,0,0,0,0,0,0,0,,,,Joni Vainio,3,0,0,0,0,0,0,0,0,0,0,0,0,0,0,,,,Joni Vainio,21,6,3,9,0,1,0,0,0,0,0,0,0,0,0
,Akseli Nykänen,18,4,12,16,1,1,0,0,0,0,0,0,0,0,0,,,,Akseli Nykänen,4,5,1,6,0,0,0,0,0,0,0,0,1,0,0,,,,Akseli Nykänen,22,9,13,22,1,1,0,0,0,0,0,0,1,0,0
,Matias Virta,20,0,0,0,0,0,0,0,0,0,0,0,0,0,0,,,,Matias Virta,3,0,0,0,0,0,0,0,0,0,0,0,0,0,0,,,,Matias Virta,23,0,0,0,0,0,0,0,0,0,0,0,0,0,0
,Mika Aaltonen,20,22,8,30,0,3,0,0,0,0,0,0,3,0,0,,,,Mika Aaltonen,4,5,2,7,0,0,0,0,0,0,0,0,1,0,0,,,,Mika Aaltonen,24,27,10,37,0,3,0,0,0,0,0,0,4,0,0
,Veikka Saarinen,12,15,4,19,0,1,0,0,0,0,1,1,2,0,0,,,,Veikka Saarinen,4,1,1,2,0,0,0,0,0,0,0,0,0,0,0,,,,Veikka Saarinen,16,16,5,21,0,1,0,0,0,0,1,1,2,0,0
,Petri Vikman,18,7,17,24,2,1,0,0,0,0,0,0,0,0,0,,,,Petri Vikman,4,1,1,2,0,1,0,0,0,0,0,0,0,0,0,,,,Petri Vikman,22,8,18,26,2,2,0,0,0,0,0,0,0,0,0
,Ville Mäenranta,20,5,4,9,5,2,0,0,0,0,0,0,0,0,0,,,,Ville Mäenranta,4,0,0,0,0,0,0,0,0,0,0,0,0,0,0,,,,Ville Mäenranta,24,5,4,9,5,2,0,0,0,0,0,0,0,0,0
,Henri Kananen,20,1,4,5,1,0,0,0,0,0,0,0,0,0,0,,,,Henri Kananen,4,0,1,1,0,0,0,0,0,0,0,0,0,0,0,,,,Henri Kananen,24,1,5,6,1,0,0,0,0,0,0,0,0,0,0
,Jesse Höykinpuro,14,2,2,4,2,0,0,0,0,0,0,0,0,0,0,,,,Jesse Höykinpuro,3,0,3,3,1,0,0,0,0,0,0,0,0,0,0,,,,Jesse Höykinpuro,17,2,5,7,3,0,0,0,0,0,0,0,0,0,0
,Miika Oja-Nisula,18,10,15,25,2,0,1,1,0,0,0,0,0,1,0,,,,Miika Oja-Nisula,3,2,3,5,0,0,1,0,0,0,0,0,0,0,0,,,,Miika Oja-Nisula,21,12,18,30,2,0,2,1,0,0,0,0,0,1,0
,Juha Kiilunen,15,6,3,9,0,2,0,0,0,0,0,0,0,0,0,,,,Juha Kiilunen,4,0,2,2,0,0,0,0,0,0,0,0,0,0,0,,,,Juha Kiilunen,19,6,5,11,0,2,0,0,0,0,0,0,0,0,0
,Jimi Laaksonen,20,4,2,6,3,0,0,0,0,0,0,0,0,0,0,,,,Jimi Laaksonen,4,1,1,2,1,0,0,0,0,0,0,0,0,0,0,,,,Jimi Laaksonen,24,5,3,8,4,0,0,0,0,0,0,0,0,0,0
,Aleksi Tuokko,19,6,9,15,3,0,0,0,0,0,0,0,0,0,0,,,,Aleksi Tuokko,4,1,2,3,1,0,0,0,0,0,0,0,0,0,0,,,,Aleksi Tuokko,23,7,11,18,4,0,0,0,0,0,0,0,0,0,0
,Joonas Pentti,18,17,4,21,4,2,0,0,0,0,0,0,1,0,0,,,,Joonas Pentti,4,6,3,9,0,1,0,1,0,1,0,0,0,0,0,,,,Joonas Pentti,22,23,7,30,4,3,0,1,0,1,0,0,1,0,0
,,,109,96,205,25,14,1,1,0 / 0,0 / 0,1,1,6,2,0,,,,,,24,20,44,4,3,1,1,0 / 0,1 / 1,0,0,2,0,0,,,,,,133,116,249,29,17,2,2,0 / 0,1 / 1,1,1,8,2,0
,,,,,,,,,,,,,,,,,,,,,,,,,,,,,,,,,,,,,,,,,,,,,,,,,,,,,,
,KAUSI 2023-2024,IV-DIV - LR LOHKO A,,,,MAALIVAHDIT,,,,,,,,,,,,,,KAUSI 2023-2024,III-DIV - Karsinnat,,,,MAALIVAHDIT,,,,,,,,,,,,,,KAUSI 2023-2024,III-DIV - Karsinnat,,,,MAALIVAHDIT,,,,,,,,,,
,,,,,,,,,,,,,,,,,,,,,,,,,,,,,,,,,,,,,,,,,,,,,,,,,,,,,,
,,O,T%,PMO,T,PM,V,NP,,,,,,,,,,,,,O,T%,PMO,T,PM,V,NP,,,,,,,,,,,,,O,T%,PMO,T,PM,V,NP,,,,,,,,
,Mika Ahven (MV),10,0.9024390243902439,1.2,123,12,7,3,,,,,,,,,,,,Mika Ahven (MV),4,0.9090909090909091,2,88,8,3,0,,,,,,,,,,,,Mika Ahven (MV),14,0.9052132701421801,1.4285714285714286,211,20,10,3,,,,,,,,
,Matias Virta (MV),10,0.6761904761904762,3.4,105,34,7,0,,,,,,,,,,,,Matias Virta (MV),0,,,,,,,,,,,,,,,,,,Matias Virta (MV),10,0.6761904761904762,3.4,105,34,7,0,,,,,,,,
,,,0.7893147502903601,2.3,228,46,14,3,,,,,,,,,,,,,,0.9090909090909091,2,88,8,3,0,,,,,,,,,,,,,,0.7907018731663282,2.414285714285714,316,54,17,3,,,,,,,,
,,,,,,,,,,,,,,,,,,,,,,,,,,,,,,,,,,,,,,,,,,,,,,,,,,,,,,
,,,,,,,,,,,,,,,,,,,,,,,,,,,,,,,,,,,,,,,,,,,,,,,,,,,,,,
,,,,,,,,,,,,,,,,,,,,,,,,,,,,,,,,,,,,,,,,,,,,,,,,,,,,,,
,,,,,,,,,,,,,,,,,,,,,,,,,,,,,,,,,,,,,,,,,,,,,,,,,,,,,,
,,,,,,,,,,,,,,,,,,,,,,,,,,,,,,,,,,,,,,,,,,,,,,,,,,,,,,
,,,,,,,,,,,,,,,,,,,,,,,,,,,,,,,,,,,,,,,,,,,,,,,,,,,,,,
,,,,,,,,,,,,,,,,,,,,,,,,,,,,,,,,,,,,,,,,,,,,,,,,,,,,,,
,,,,,,,,,,,,,,,,,,,,,,,,,,,,,,,,,,,,,,,,,,,,,,,,,,,,,,
,KAUSI 2022-2023,IV-DIV - LR LOHKO 10,,,,PELAAJAT,,,,,,,,,,,,,,,,,,,,,,,,,,,,,,,,,,,,,,,,,,,,,,,,
,,,,,,,,,,,,,,,,,,,,,,,,,,,,,,,,,,,,,,,,,,,,,,,,,,,,,,
,,O,M,S,P,J,VM,YV,AV,RL,SR,TV,Hattu,IM,TM,,,,,,,,,,,,,,,,,,,,,,,,,,,,,,,,,,,,,,,
,Mika Aaltonen,22,20,14,34,4,3,4,,0 / 1,,,1,,,,,,,,,,,,,,,,,,,,,,,,,,,,,,,,,,,,,,,,,
,Joni Vainio,24,17,9,26,6,1,,,,,,,,,,,,,,,,,,,,,,,,,,,,,,,,,,,,,,,,,,,,,,,
,Petri Vikman,22,16,7,23,2,,1,,0 / 2,,,1,,,,,,,,,,,,,,,,,,,,,,,,,,,,,,,,,,,,,,,,,
,Akseli Nykänen,18,8,15,23,4,2,,,,1,,,,,,,,,,,,,,,,,,,,,,,,,,,,,,,,,,,,,,,,,,,
,Miika Oja-Nisula,20,9,10,19,4,1,,,,,,1,,,,,,,,,,,,,,,,,,,,,,,,,,,,,,,,,,,,,,,,,
,Marcus Savela,22,11,7,18,6,2,1,,,,,1,,1,,,,,,,,,,,,,,,,,,,,,,,,,,,,,,,,,,,,,,,
,Juha-Pekka Kiilunen,18,3,10,13,,,1,,,,,,,,,,,,,,,,,,,,,,,,,,,,,,,,,,,,,,,,,,,,,,
,Henri Kananen,20,1,10,11,2,,,,,,,,,,,,,,,,,,,,,,,,,,,,,,,,,,,,,,,,,,,,,,,,
,Veikka Saarinen,14,5,5,10,6,,,,,,,,,,,,,,,,,,,,,,,,,,,,,,,,,,,,,,,,,,,,,,,,
,Mika Ahven,22,2,7,9,,1,,,,,,,,,,,,,,,,,,,,,,,,,,,,,,,,,,,,,,,,,,,,,,,
,Jesse Höykinpuro,22,7,1,8,4,,1,,0 / 1,,,1,,,,,,,,,,,,,,,,,,,,,,,,,,,,,,,,,,,,,,,,,
,Jimi Laaksonen,20,4,1,5,6,,,,,,,,,,,,,,,,,,,,,,,,,,,,,,,,,,,,,,,,,,,,,,,,
,Ville Koivisto,14,3,2,5,,,,,,,,,,,,,,,,,,,,,,,,,,,,,,,,,,,,,,,,,,,,,,,,,
,Jasse Santavuori,3,1,0,1,,,,,,,,,,,,,,,,,,,,,,,,,,,,,,,,,,,,,,,,,,,,,,,,,
,Ville Mäenranta,10,1,0,1,8,,,,,,,,,,,,,,,,,,,,,,,,,,,,,,,,,,,,,,,,,,,,,,,,
,Jussi Uusi-Mikkola,6,0,0,0,,,,,,,,,,,,,,,,,,,,,,,,,,,,,,,,,,,,,,,,,,,,,,,,,
,Matias Virta,18,0,0,0,,,,,,,,,,,,,,,,,,,,,,,,,,,,,,,,,,,,,,,,,,,,,,,,,
,,,108,98,206,52,10,8,0,0 / 4,1,0,5,0,1,,,,,,,,,,,,,,,,,,,,,,,,,,,,,,,,,,,,,,,
,,,,,,,,,,,,,,,,,,,,,,,,,,,,,,,,,,,,,,,,,,,,,,,,,,,,,,
,KAUSI 2022-2023,IV-DIV - LR LOHKO 10,,,,MAALIVAHDIT,,,,,,,,,,,,,,,,,,,,,,,,,,,,,,,,,,,,,,,,,,,,,,,,
,,,,,,,,,,,,,,,,,,,,,,,,,,,,,,,,,,,,,,,,,,,,,,,,,,,,,,
,,O,T%,PMO,T,PM,V,NP,,,,,,,,,,,,,,,,,,,,,,,,,,,,,,,,,,,,,,,,,,,,,,
,Mika Ahven (MV),12,81.59,4.89,195,44,6,1,,,,,,,,,,,,,,,,,,,,,,,,,,,,,,,,,,,,,,,,,,,,,,
,Matias Virta (MV),12,75,6.12,165,55,4,0,,,,,,,,,,,,,,,,,,,,,,,,,,,,,,,,,,,,,,,,,,,,,,
,,,81.59,4.89,195,44,6,1,,,,,,,,,,,,,,,,,,,,,,,,,,,,,,,,,,,,,,,,,,,,,,
,,,,,,,,,,,,,,,,,,,,,,,,,,,,,,,,,,,,,,,,,,,,,,,,,,,,,,
,,,,,,,,,,,,,,,,,,,,,,,,,,,,,,,,,,,,,,,,,,,,,,,,,,,,,,
,,,,,,,,,,,,,,,,,,,,,,,,,,,,,,,,,,,,,,,,,,,,,,,,,,,,,,
,,,,,,,,,,,,,,,,,,,,,,,,,,,,,,,,,,,,,,,,,,,,,,,,,,,,,,
,,,,,,,,,,,,,,,,,,,,,,,,,,,,,,,,,,,,,,,,,,,,,,,,,,,,,,
,,,,,,,,,,,,,,,,,,,,,,,,,,,,,,,,,,,,,,,,,,,,,,,,,,,,,,
,KAUSI 2021-2022,III-DIV - LR LOHKO 5,,,,PELAAJAT,,,,,,,,,,,,,,KAUSI 2021-2022,Karsinta,,,,PELAAJAT,,,,,,,,,,,,,,,,,,,,,,,,,,,,,
,,,,,,,,,,,,,,,,,,,,,,,,,,,,,,,,,,,,,,,,,,,,,,,,,,,,,,
,,O,M,S,P,J,VM,YV,AV,RL,SR,TV,Hattu,IM,TM,,,,,,O,M,S,P,J,VM,YV,AV,RL,SR,TV,Hattu,IM,TM,,,,,,,,,,,,,,,,,,,,
,Kaj-Kristian Engblom,18,11,26,37,4,,,1,,,,,,,,,,,Kaj-Kristian Engblom,1,,1,1,,,,,,,,,,,,,,,,,,,,,,,,,,,,,,
,Akseli Nykänen,16,12,10,22,4,1,,1,,,,1,,,,,,,Akseli Nykänen,1,,,,,,,,,,,,,,,,,,,,,,,,,,,,,,,,,
,Mika Aaltonen,18,11,6,17,6,2,,1,,,,,,,,,,,Mika Aaltonen,1,,,,,,,,,,,,,,,,,,,,,,,,,,,,,,,,,
,Veikka Saarinen,18,9,5,14,4,,,,,,,,,,,,,,Veikka Saarinen,1,,,,,,,,,,,,,,,,,,,,,,,,,,,,,,,,,
,Jarno Peltola,18,7,5,12,27,1,,,,,,,,,,,,,Jarno Peltola,1,,1,1,,,,,,,,,,,,,,,,,,,,,,,,,,,,,,
,Miika Oja-Nisula,18,6,6,12,,1,1,,,,,,1,,,,,,Miika Oja-Nisula,1,,,,,,,,,,,,,,,,,,,,,,,,,,,,,,,,,
,Joni Vainio,14,5,4,9,2,,,,,,,,,,,,,,Joni Vainio,1,,,,,,,,,,,,,,,,,,,,,,,,,,,,,,,,,
,Jasse Santavuori,9,2,3,5,,,,,,,,,,,,,,,Jasse Santavuori,1,1,,1,,,,,,,,,,,,,,,,,,,,,,,,,,,,,,
,Mauri Kurri,12,4,0,4,4,,,,,,,,,,,,,,Mauri Kurri,1,1,,1,,,,,,,,,,,,,,,,,,,,,,,,,,,,,,
,Pedar Järvensivu,6,4,0,4,2,,,,,,,,,,,,,,Pedar Järvensivu,,,,,,,,,,,,,,,,,,,,,,,,,,,,,,,,,,
,Rami Takala,4,1,2,3,,,,,0/1,,,,,,,,,,Rami Takala,1,,,,,,,,,,,,,,,,,,,,,,,,,,,,,,,,,
,Mikko Hongisto,4,2,0,2,,,1,1,,,,,,,,,,,Mikko Hongisto,,,,,,,,,,,,,,,,,,,,,,,,,,,,,,,,,,
,Jesse Höykinpuro,14,0,2,2,8,,,,,,,,,,,,,,Jesse Höykinpuro,1,,,,,,,,,,,,,,,,,,,,,,,,,,,,,,,,,
,Petri Vikman,4,0,2,2,,,,,,,,,,,,,,,Petri Vikman,,,,,,,,,,,,,,,,,,,,,,,,,,,,,,,,,,
,Juha-Pekka Kiilunen,6,0,1,1,,,,,,,,,,,,,,,Juha-Pekka Kiilunen,1,,,,,,,,,,,,,,,,,,,,,,,,,,,,,,,,,
,Vesa Kurppa,8,0,0,0,2,,,,,,,,,,,,,,Vesa Kurppa,,,,,,,,,,,,,,,,,,,,,,,,,,,,,,,,,,
,Ville Koivisto,6,0,0,0,,,,,,,,,,,,,,,Ville Koivisto,1,,,,,,,,,,,,,,,,,,,,,,,,,,,,,,,,,
,Lassi Liukkonen,18,0,0,0,,,,,,,,,,,,,,,Lassi Liukkonen,1,,,,,,,,,,,,,,,,,,,,,,,,,,,,,,,,,
,,,74,72,146,63,5,2,4,0/1,0,0,1,1,0,,,,,,,2,2,4,0,0,0,0,0,0,0,0,0,0,,,,,,,,,,,,,,,,,,,,
,,,,,,,,,,,,,,,,,,,,,,,,,,,,,,,,,,,,,,,,,,,,,,,,,,,,,,
,KAUSI 2021-2022,III-DIV - LR LOHKO 5,,,,MAALIVAHDIT,,,,,,,,,,,,,,KAUSI 2021-2022,Karsinta,,,,MAALIVAHDIT,,,,,,,,,,,,,,,,,,,,,,,,,,,,,
,,,,,,,,,,,,,,,,,,,,,,,,,,,,,,,,,,,,,,,,,,,,,,,,,,,,,,
,,O,T%,PMO,T,PM,V,NP,,,,,,,,,,,,,O,T%,PMO,T,PM,V,NP,,,,,,,,,,,,,,,,,,,,,,,,,,,
,Lassi Liukkonen (MV),18,79.32,7.22,372,97,5,1,,,,,,,,,,,,Lassi Liukkonen (MV),1,0,4.1,0,3,0,0,,,,,,,,,,,,,,,,,,,,,,,,,,,
,,,79.32,7.22,372,97,5,1,,,,,,,,,,,,,,0,4.1,0,3,0,0,,,,,,,,,,,,,,,,,,,,,,,,,,,
,,,,,,,,,,,,,,,,,,,,,,,,,,,,,,,,,,,,,,,,,,,,,,,,,,,,,,
,,,,,,,,,,,,,,,,,,,,,,,,,,,,,,,,,,,,,,,,,,,,,,,,,,,,,,
,,,,,,,,,,,,,,,,,,,,,,,,,,,,,,,,,,,,,,,,,,,,,,,,,,,,,,
,KAUSI 2020-2021,III-DIV - LR LOHKO 6,,,,PELAAJAT,,,,,,,,,,,,,,,,,,,,,,,,,,,,,,,,,,,,,,,,,,,,,,,,
,,,,,,,,,,,,,,,,,,,,,,,,,,,,,,,,,,,,,,,,,,,,,,,,,,,,,,
,,O,M,S,P,J,Ratk,YV,AV,RL,SR,TV,Hattu,IM,TM,,,,,,,,,,,,,,,,,,,,,,,,,,,,,,,,,,,,,,,
,Jani Ruuskanen,2,2,1,3,2,,,,,,,,,,,,,,,,,,,,,,,,,,,,,,,,,,,,,,,,,,,,,,,,
,Mika Aaltonen,2,1,1,2,2,,,,,,,,,,,,,,,,,,,,,,,,,,,,,,,,,,,,,,,,,,,,,,,,
,Ville Koivisto,2,0,2,2,,,,,,,,,,,,,,,,,,,,,,,,,,,,,,,,,,,,,,,,,,,,,,,,,
,Kaj-Kristian Engblom,2,1,0,1,,,,,,,,,,,,,,,,,,,,,,,,,,,,,,,,,,,,,,,,,,,,,,,,,
,Miika Oja-Nisula,2,1,0,1,,,,,,,,,,,,,,,,,,,,,,,,,,,,,,,,,,,,,,,,,,,,,,,,,
,Veikka Saarinen,2,0,1,1,,,,,,,,,,,,,,,,,,,,,,,,,,,,,,,,,,,,,,,,,,,,,,,,,
,Rami Takala,2,0,0,0,,,,,,,,,,,,,,,,,,,,,,,,,,,,,,,,,,,,,,,,,,,,,,,,,
,Jarno Peltola,2,0,0,0,2,,,,,,,,,,,,,,,,,,,,,,,,,,,,,,,,,,,,,,,,,,,,,,,,
,Sami Pöllänen,2,0,0,0,,,,,,,,,,,,,,,,,,,,,,,,,,,,,,,,,,,,,,,,,,,,,,,,,
,Lassi Liukkonen,2,0,0,0,,,,,,,,,,,,,,,,,,,,,,,,,,,,,,,,,,,,,,,,,,,,,,,,,
,Juha-Pekka Kiilunen,2,0,0,0,2,,,,,,,,,,,,,,,,,,,,,,,,,,,,,,,,,,,,,,,,,,,,,,,,
,Joni Vainio,2,0,0,0,,,,,,,,,,,,,,,,,,,,,,,,,,,,,,,,,,,,,,,,,,,,,,,,,
,Jesse Höykinpuro,2,0,0,0,2,,,,,,,,,,,,,,,,,,,,,,,,,,,,,,,,,,,,,,,,,,,,,,,,
,,,5,5,10,10,0,0,0,2/2,0,0,0,0,0,,,,,,,,,,,,,,,,,,,,,,,,,,,,,,,,,,,,,,,
,,,,,,,,,,,,,,,,,,,,,,,,,,,,,,,,,,,,,,,,,,,,,,,,,,,,,,
,KAUSI 2020-2021,III-DIV - LR LOHKO 6,,,,MAALIVAHDIT,,,,,,,,,,,,,,,,,,,,,,,,,,,,,,,,,,,,,,,,,,,,,,,,
,,,,,,,,,,,,,,,,,,,,,,,,,,,,,,,,,,,,,,,,,,,,,,,,,,,,,,
,,O,T%,PMO,T,PM,V,NP,,,,,,,,,,,,,,,,,,,,,,,,,,,,,,,,,,,,,,,,,,,,,,
,Lassi Liukkonen (MV),2,63.33,14.67,38,22,0,0,,,,,,,,,,,,,,,,,,,,,,,,,,,,,,,,,,,,,,,,,,,,,,
,,,63.33,14.67,38,22,0,0,,,,,,,,,,,,,,,,,,,,,,,,,,,,,,,,,,,,,,,,,,,,,,
,,,,,,,,,,,,,,,,,,,,,,,,,,,,,,,,,,,,,,,,,,,,,,,,,,,,,,
,,,,,,,,,,,,,,,,,,,,,,,,,,,,,,,,,,,,,,,,,,,,,,,,,,,,,,
,,,,,,,,,,,,,,,,,,,,,,,,,,,,,,,,,,,,,,,,,,,,,,,,,,,,,,
,KAUSI 2019-2020,IV-DIV - LR LOHKO 9,,,,PELAAJAT,,,,,,,,,,,,,,,,,,,,,,,,,,,,,,,,,,,,,,,,,,,,,,,,
,,,,,,,,,,,,,,,,,,,,,,,,,,,,,,,,,,,,,,,,,,,,,,,,,,,,,,
,,O,M,S,P,J,Ratk,YV,AV,RL,SR,TV,Hattu,IM,TM,,,,,,,,,,,,,,,,,,,,,,,,,,,,,,,,,,,,,,,
,Kaj Engblom,16,12,33,45,2,,,,1/1,,,1,,,,,,,,,,,,,,,,,,,,,,,,,,,,,,,,,,,,,,,,,
,Ville Koivisto,16,13,15,28,,,1,,,,,1,,1,,,,,,,,,,,,,,,,,,,,,,,,,,,,,,,,,,,,,,,
,Mika Aaltonen,16,23,4,27,2,4,4,,,,,2,,,,,,,,,,,,,,,,,,,,,,,,,,,,,,,,,,,,,,,,,
,Rami Takala,15,19,7,26,,5,1,,1/1,,,2,,,,,,,,,,,,,,,,,,,,,,,,,,,,,,,,,,,,,,,,,
,Jarno Peltola,14,14,6,20,,1,1,,,,,,,,,,,,,,,,,,,,,,,,,,,,,,,,,,,,,,,,,,,,,,
,Sami Pöllänen,14,6,4,10,,2,,,,,,1,,,,,,,,,,,,,,,,,,,,,,,,,,,,,,,,,,,,,,,,,
,Ville Rinnola,10,1,6,7,,,,,,,,,,,,,,,,,,,,,,,,,,,,,,,,,,,,,,,,,,,,,,,,,
,Miika Oja-Nisula,14,3,3,6,,,,,,,,,,,,,,,,,,,,,,,,,,,,,,,,,,,,,,,,,,,,,,,,,
,Mauri Kurri,16,2,3,5,2,,,,,,,,,,,,,,,,,,,,,,,,,,,,,,,,,,,,,,,,,,,,,,,,
,Joni Vainio,6,2,1,3,,,,,,,,,,,,,,,,,,,,,,,,,,,,,,,,,,,,,,,,,,,,,,,,,
,Vesa Kurppa,14,0,2,2,,,,,,,,,,,,,,,,,,,,,,,,,,,,,,,,,,,,,,,,,,,,,,,,,
,Pessi Aro,6,1,0,1,,,,,,,,,,,,,,,,,,,,,,,,,,,,,,,,,,,,,,,,,,,,,,,,,
,Tuukka Mettälä,6,0,1,1,,,,,,,,,,,,,,,,,,,,,,,,,,,,,,,,,,,,,,,,,,,,,,,,,
,Jussi Uusi-Mikkola,6,0,1,1,,,,,,,,,,,,,,,,,,,,,,,,,,,,,,,,,,,,,,,,,,,,,,,,,
,Jesse Hyökinpuro,2,0,0,0,,,,,,,,,,,,,,,,,,,,,,,,,,,,,,,,,,,,,,,,,,,,,,,,,
,Lassi Liukkonen (MV),16,0,0,0,,,,,,,,,,,,,,,,,,,,,,,,,,,,,,,,,,,,,,,,,,,,,,,,,
,Matias Mäkilä,3,0,0,0,,,,,,,,,,,,,,,,,,,,,,,,,,,,,,,,,,,,,,,,,,,,,,,,,
,,,96,86,182,6,12,7,0,2/2,0,0,7,0,1,,,,,,,,,,,,,,,,,,,,,,,,,,,,,,,,,,,,,,,
,,,,,,,,,,,,,,,,,,,,,,,,,,,,,,,,,,,,,,,,,,,,,,,,,,,,,,
,KAUSI 2019-2020,IV-DIV - LR LOHKO 9,,,,MAALIVAHDIT,,,,,,,,,,,,,,,,,,,,,,,,,,,,,,,,,,,,,,,,,,,,,,,,
,,,,,,,,,,,,,,,,,,,,,,,,,,,,,,,,,,,,,,,,,,,,,,,,,,,,,,
,,O,T%,PMO,T,PM,V,NP,,,,,,,,,,,,,,,,,,,,,,,,,,,,,,,,,,,,,,,,,,,,,,
,Vesa Kurppa (MV),2,92.31,1.33,24,2,2,0,,,,,,,,,,,,,,,,,,,,,,,,,,,,,,,,,,,,,,,,,,,,,,
,Lassi Liukkonen (MV),14,76.96,4.82,177,53,10,0,,,,,,,,,,,,,,,,,,,,,,,,,,,,,,,,,,,,,,,,,,,,,,
,,,84.63499999999999,6.15,201,55,12,0,,,,,,,,,,,,,,,,,,,,,,,,,,,,,,,,,,,,,,,,,,,,,,
,,,,,,,,,,,,,,,,,,,,,,,,,,,,,,,,,,,,,,,,,,,,,,,,,,,,,,
,KAUSI 2019-2020,Suomen Cup,,,,,,,,,,,,,,,,,,,,,,,,,,,,,,,,,,,,,,,,,,,,,,,,,,,,
,,,,,,,,,,,,,,,,,,,,,,,,,,,,,,,,,,,,,,,,,,,,,,,,,,,,,,
,,O,M,S,P,J,Ratk,YV,AV,RL,SR,TV,Hattu,IM,TM,,,,,,,,,,,,,,,,,,,,,,,,,,,,,,,,,,,,,,,
,Kaj Engblom,3,4,3,7,-,-,1,-,-,-,-,-,-,-,,,,,,,,,,,,,,,,,,,,,,,,,,,,,,,,,,,,,,,
,Ville Koivisto,3,1,6,7,-,-,-,-,-,-,-,-,-,-,,,,,,,,,,,,,,,,,,,,,,,,,,,,,,,,,,,,,,,
,Mika Aaltonen,3,2,2,4,-,-,-,-,-,-,-,-,-,-,,,,,,,,,,,,,,,,,,,,,,,,,,,,,,,,,,,,,,,
,Rami Takala,3,5,,5,-,1,-,-,1/1,-,-,-,1,-,,,,,,,,,,,,,,,,,,,,,,,,,,,,,,,,,,,,,,,
,Sami Pöllänen,3,1,1,2,-,-,-,1,-,-,-,-,-,-,,,,,,,,,,,,,,,,,,,,,,,,,,,,,,,,,,,,,,,
,Mauri Kurri,3,,,0,-,-,-,-,-,-,-,-,-,-,,,,,,,,,,,,,,,,,,,,,,,,,,,,,,,,,,,,,,,
,Vesa Kurppa,3,3,1,4,-,-,-,-,-,-,-,-,-,-,,,,,,,,,,,,,,,,,,,,,,,,,,,,,,,,,,,,,,,
,Pessi Aro,3,,1,1,5,-,-,-,-,-,-,-,-,-,,,,,,,,,,,,,,,,,,,,,,,,,,,,,,,,,,,,,,,
,Lassi Liukkonen (MV),3,,,0,-,-,-,-,-,-,-,-,-,-,,,,,,,,,,,,,,,,,,,,,,,,,,,,,,,,,,,,,,,
,Matias Mäkilä,3,3,2,5,-,-,-,-,-,-,-,-,-,-,,,,,,,,,,,,,,,,,,,,,,,,,,,,,,,,,,,,,,,
,,,19,16,35,5,1,1,1,1/1,0,0,0,1,0,,,,,,,,,,,,,,,,,,,,,,,,,,,,,,,,,,,,,,,
,,,,,,,,,,,,,,,,,,,,,,,,,,,,,,,,,,,,,,,,,,,,,,,,,,,,,,
,KAUSI 2019-2020,Suomen Cup,,,,MAALIVAHDIT,,,,,,,,,,,,,,,,,,,,,,,,,,,,,,,,,,,,,,,,,,,,,,,,
,,,,,,,,,,,,,,,,,,,,,,,,,,,,,,,,,,,,,,,,,,,,,,,,,,,,,,
,,O,T%,PMO,T,PM,V,NP,,,,,,,,,,,,,,,,,,,,,,,,,,,,,,,,,,,,,,,,,,,,,,
,Lassi Liukkonen (MV),3,75.38,7.21,49,16,1,0,,,,,,,,,,,,,,,,,,,,,,,,,,,,,,,,,,,,,,,,,,,,,,
,,,75.38,7.21,49,16,1,0,,,,,,,,,,,,,,,,,,,,,,,,,,,,,,,,,,,,,,,,,,,,,,
,,,,,,,,,,,,,,,,,,,,,,,,,,,,,,,,,,,,,,,,,,,,,,,,,,,,,,
,,,,,,,,,,,,,,,,,,,,,,,,,,,,,,,,,,,,,,,,,,,,,,,,,,,,,,
,KAUSI 2018-2019,IV-DIV - LR LOHKO 10,,,,,,,,,,,,,,,,,,,,,,,,,,,,,,,,,,,,,,,,,,,,,,,,,,,,
,,,,,,,,,,,,,,,,,,,,,,,,,,,,,,,,,,,,,,,,,,,,,,,,,,,,,,
,,O,M,S,P,J,Ratk,YV,AV,RL,0-peli,SR,TV,Hattu,TM,,,,,,,,,,,,,,,,,,,,,,,,,,,,,,,,,,,,,,,
,Joni Vainio,15,7,2,9,2,1,1,-,-,-,-,-,-,-,,,,,,,,,,,,,,,,,,,,,,,,,,,,,,,,,,,,,,,
,Ville Koivisto,21,23,14,37,8,1,2,-,-,-,-,-,3,-,,,,,,,,,,,,,,,,,,,,,,,,,,,,,,,,,,,,,,,
,Matias Mäkilä,16,4,2,6,4,-,-,-,-,-,-,-,-,-,,,,,,,,,,,,,,,,,,,,,,,,,,,,,,,,,,,,,,,
,Mauri Kurri,19,6,7,13,2,1,1,-,-,-,-,-,-,-,,,,,,,,,,,,,,,,,,,,,,,,,,,,,,,,,,,,,,,
,Miika Oja-Nisula,21,16,15,31,4,-,1,-,-,-,-,-,1,-,,,,,,,,,,,,,,,,,,,,,,,,,,,,,,,,,,,,,,,
,Mika Aaltonen,18,14,10,24,0,2,2,-,-,-,-,1,1,-,,,,,,,,,,,,,,,,,,,,,,,,,,,,,,,,,,,,,,,
,Jarno Peltola,21,15,18,33,8,4,1,-,-,-,-,-,1,-,,,,,,,,,,,,,,,,,,,,,,,,,,,,,,,,,,,,,,,
,Rami Takala,15,8,4,12,2,1,1,-,-,-,-,-,-,1,,,,,,,,,,,,,,,,,,,,,,,,,,,,,,,,,,,,,,,
,Tuukka Mettälä,18,1,2,3,2,1,-,-,-,-,-,-,-,-,,,,,,,,,,,,,,,,,,,,,,,,,,,,,,,,,,,,,,,
,Sami Pöllänen,19,10,6,16,4,1,-,-,-,-,-,-,-,-,,,,,,,,,,,,,,,,,,,,,,,,,,,,,,,,,,,,,,,
,Kaj Engblom,21,13,31,44,5,3,-,-,0 / 1,-,-,-,2,-,,,,,,,,,,,,,,,,,,,,,,,,,,,,,,,,,,,,,,,
,Jesse Höykinpuro,14,7,3,10,4,3,-,-,-,-,-,-,-,-,,,,,,,,,,,,,,,,,,,,,,,,,,,,,,,,,,,,,,,
,Jussi Uusi-Mikkola,12,1,1,2,0,-,-,-,-,-,-,-,-,-,,,,,,,,,,,,,,,,,,,,,,,,,,,,,,,,,,,,,,,
,(MV) Lassi Liukkonen,21,0,0,0,2,-,-,-,-,-,-,-,-,-,,,,,,,,,,,,,,,,,,,,,,,,,,,,,,,,,,,,,,,
,,,125,115,240,47,18,9,0,0,0,0,1,8,1,,,,,,,,,,,,,,,,,,,,,,,,,,,,,,,,,,,,,,,
,,,,,,,,,,,,,,,,,,,,,,,,,,,,,,,,,,,,,,,,,,,,,,,,,,,,,,
,,,,,,,,,,,,,,,,,,,,,,,,,,,,,,,,,,,,,,,,,,,,,,,,,,,,,,
,KAUSI 2018-2019,KARSINNAT M3D,,,,,,,,,,,,,,,,,,,,,,,,,,,,,,,,,,,,,,,,,,,,,,,,,,,,
,,,,,,,,,,,,,,,,,,,,,,,,,,,,,,,,,,,,,,,,,,,,,,,,,,,,,,
,,O,M,S,P,J,Ratk,YV,AV,RL,0-peli,SR,TV,Hattu,TM,,,,,,,,,,,,,,,,,,,,,,,,,,,,,,,,,,,,,,,
,Joni Vainio,3,3,0,3,0,-,-,-,-,-,-,-,1,-,,,,,,,,,,,,,,,,,,,,,,,,,,,,,,,,,,,,,,,
,Ville Koivisto,3,2,1,3,0,1,1,-,-,-,-,-,-,-,,,,,,,,,,,,,,,,,,,,,,,,,,,,,,,,,,,,,,,
,Matias Mäkilä,3,0,0,0,0,-,-,-,-,-,-,-,-,-,,,,,,,,,,,,,,,,,,,,,,,,,,,,,,,,,,,,,,,
,Mauri Kurri,3,0,0,0,0,-,-,-,-,-,-,-,-,-,,,,,,,,,,,,,,,,,,,,,,,,,,,,,,,,,,,,,,,
,Miika Oja-Nisula,3,2,0,2,0,-,-,-,-,-,-,-,-,-,,,,,,,,,,,,,,,,,,,,,,,,,,,,,,,,,,,,,,,
,Mika Aaltonen,3,3,2,5,0,-,2,-,-,-,-,-,-,-,,,,,,,,,,,,,,,,,,,,,,,,,,,,,,,,,,,,,,,
,Jarno Peltola,3,0,1,1,0,-,-,-,-,-,-,-,-,-,,,,,,,,,,,,,,,,,,,,,,,,,,,,,,,,,,,,,,,
,Rami Takala,3,0,0,0,4,-,-,-,-,-,-,-,-,,,,,,,,,,,,,,,,,,,,,,,,,,,,,,,,,,,,,,,,
,Tuukka Mettälä,3,0,1,1,2,-,-,-,-,-,-,-,-,-,,,,,,,,,,,,,,,,,,,,,,,,,,,,,,,,,,,,,,,
,Sami Pöllänen,3,2,0,2,0,-,1,-,-,-,-,-,-,-,,,,,,,,,,,,,,,,,,,,,,,,,,,,,,,,,,,,,,,
,Kaj Engblom,3,0,6,6,16,-,-,-,,-,-,-,,-,,,,,,,,,,,,,,,,,,,,,,,,,,,,,,,,,,,,,,,
,Jesse Höykinpuro,3,0,0,0,0,-,-,-,-,-,-,-,-,-,,,,,,,,,,,,,,,,,,,,,,,,,,,,,,,,,,,,,,,
,Jussi Uusi-Mikkola,3,0,1,1,0,-,-,-,-,-,-,-,-,-,,,,,,,,,,,,,,,,,,,,,,,,,,,,,,,,,,,,,,,
,(MV) Lassi Liukkonen,3,0,0,0,0,-,-,-,-,-,-,-,-,-,,,,,,,,,,,,,,,,,,,,,,,,,,,,,,,,,,,,,,,
,,,12,12,24,22,1,4,0,0,0,0,0,1,0,,,,,,,,,,,,,,,,,,,,,,,,,,,,,,,,,,,,,,,
,,,,,,,,,,,,,,,,,,,,,,,,,,,,,,,,,,,,,,,,,,,,,,,,,,,,,,
,,,,,,,,,,,,,,,,,,,,,,,,,,,,,,,,,,,,,,,,,,,,,,,,,,,,,,
,KAUSI 2017-2018,IV-DIV,,,,,,,,,,,,,,,,,,,,,,,,,,,,,,,,,,,,,,,,,,,,,,,,,,,,
,,,,,,,,,,,,,,,,,,,,,,,,,,,,,,,,,,,,,,,,,,,,,,,,,,,,,,
,,O,M,S,P,J,Ratk,YV,AV,RL,0-peli,SR,TV,Hattu,TM,,,,,,,,,,,,,,,,,,,,,,,,,,,,,,,,,,,,,,,
,Joni Vainio,17,7,2,9,1,-,1,-,-,-,-,-,-,-,,,,,,,,,,,,,,,,,,,,,,,,,,,,,,,,,,,,,,,
,Ville Koivisto,17,7,9,16,3,-,-,-,-,-,1,-,1,1,,,,,,,,,,,,,,,,,,,,,,,,,,,,,,,,,,,,,,,
,Matias Mäkilä,17,5,3,8,2,1,1,-,-,-,-,-,-,-,,,,,,,,,,,,,,,,,,,,,,,,,,,,,,,,,,,,,,,
,Mauri Kurri,17,3,4,7,1,-,1,-,-,-,-,-,-,-,,,,,,,,,,,,,,,,,,,,,,,,,,,,,,,,,,,,,,,
,Miika Oja-Nisula,17,0,1,1,0,-,-,-,-,-,-,-,-,-,,,,,,,,,,,,,,,,,,,,,,,,,,,,,,,,,,,,,,,
,Mika Aaltonen,17,12,8,20,1,2,-,-,-,-,-,-,1,-,,,,,,,,,,,,,,,,,,,,,,,,,,,,,,,,,,,,,,,
,Jarno Peltola,17,4,4,8,4,-,-,-,-,-,-,-,-,-,,,,,,,,,,,,,,,,,,,,,,,,,,,,,,,,,,,,,,,
,Ville Mettälä,17,0,0,0,0,-,-,-,-,-,-,-,-,-,,,,,,,,,,,,,,,,,,,,,,,,,,,,,,,,,,,,,,,
,Tuukka Mettälä,17,0,8,8,1,-,-,-,-,-,-,-,-,-,,,,,,,,,,,,,,,,,,,,,,,,,,,,,,,,,,,,,,,
,Henrik Lehtonen,17,2,2,4,1,-,-,-,-,-,-,-,-,-,,,,,,,,,,,,,,,,,,,,,,,,,,,,,,,,,,,,,,,
,Sami Pöllänen,17,7,5,12,1,1,1,-,-,-,-,-,-,-,,,,,,,,,,,,,,,,,,,,,,,,,,,,,,,,,,,,,,,
,Atte Nieminen,17,1,0,1,0,-,-,-,-,-,-,-,-,-,,,,,,,,,,,,,,,,,,,,,,,,,,,,,,,,,,,,,,,
,Kaj Engblom,17,7,9,16,2,-,1,-,-,-,-,-,-,-,,,,,,,,,,,,,,,,,,,,,,,,,,,,,,,,,,,,,,,
,(MV) Matias Virta,17,0,0,0,0,-,-,-,-,-,-,-,-,-,,,,,,,,,,,,,,,,,,,,,,,,,,,,,,,,,,,,,,,
,Jesse Höykinpuro,17,7,3,10,1,2,1,-,-,-,-,-,-,1,,,,,,,,,,,,,,,,,,,,,,,,,,,,,,,,,,,,,,,
,Robin Mattila,17,5,4,9,0,-,-,-,-,-,-,-,-,-,,,,,,,,,,,,,,,,,,,,,,,,,,,,,,,,,,,,,,,
,Lassi Liukkonen,17,0,0,0,0,-,-,-,-,-,-,-,-,-,,,,,,,,,,,,,,,,,,,,,,,,,,,,,,,,,,,,,,,
,,,67,62,129,18,6,6,0,0,0,1,0,2,2,,,,,,,,,,,,,,,,,,,,,,,,,,,,,,,,,,,,,,,
,,,,,,,,,,,,,,,,,,,,,,,,,,,,,,,,,,,,,,,,,,,,,,,,,,,,,,
,,,,,,,,,,,,,,,,,,,,,,,,,,,,,,,,,,,,,,,,,,,,,,,,,,,,,,
,KAUSI 2016-2017,IV-DIV,,,,,,,,,,,,,,,,,,,,,,,,,,,,,,,,,,,,,,,,,,,,,,,,,,,,
,,,,,,,,,,,,,,,,,,,,,,,,,,,,,,,,,,,,,,,,,,,,,,,,,,,,,,
,,O,M,S,P,J,Ratk,YV,AV,RL,0-peli,SR,TV,Hattu,TM,,,,,,,,,,,,,,,,,,,,,,,,,,,,,,,,,,,,,,,
,Joni Vainio,16,7,1,8,0,1,1,-,-,-,-,-,-,-,,,,,,,,,,,,,,,,,,,,,,,,,,,,,,,,,,,,,,,
,Ville Koivisto,16,16,8,24,4,2,1,-,-,-,-,-,1,-,,,,,,,,,,,,,,,,,,,,,,,,,,,,,,,,,,,,,,,
,Matias Mäkilä,16,7,2,9,0,0,0,-,-,-,-,-,1,1,,,,,,,,,,,,,,,,,,,,,,,,,,,,,,,,,,,,,,,
,Mauri Kurri,16,2,1,3,1,0,1,-,-,-,-,-,-,-,,,,,,,,,,,,,,,,,,,,,,,,,,,,,,,,,,,,,,,
,Miika Oja-Nisula,16,8,6,14,2,0,0,1,-,-,-,-,-,-,,,,,,,,,,,,,,,,,,,,,,,,,,,,,,,,,,,,,,,
,Mika Aaltonen,16,9,4,13,1,0,2,-,-,-,-,-,1,-,,,,,,,,,,,,,,,,,,,,,,,,,,,,,,,,,,,,,,,
,Jarno Peltola,16,3,9,12,9,2,0,-,-,-,-,-,-,-,,,,,,,,,,,,,,,,,,,,,,,,,,,,,,,,,,,,,,,
,Ville Mettälä,16,3,2,5,0,0,0,-,-,-,-,-,-,-,,,,,,,,,,,,,,,,,,,,,,,,,,,,,,,,,,,,,,,
,Tuukka Mettälä,16,0,5,5,2,0,0,-,-,-,-,-,-,-,,,,,,,,,,,,,,,,,,,,,,,,,,,,,,,,,,,,,,,
,Henrik Lehtonen,16,2,2,4,0,0,0,-,-,-,-,-,-,-,,,,,,,,,,,,,,,,,,,,,,,,,,,,,,,,,,,,,,,
,Sami Pöllänen,16,2,7,9,3,0,1,-,-,-,-,-,-,-,,,,,,,,,,,,,,,,,,,,,,,,,,,,,,,,,,,,,,,
,Atte Nieminen,16,2,1,3,2,1,0,-,-,-,-,-,-,-,,,,,,,,,,,,,,,,,,,,,,,,,,,,,,,,,,,,,,,
,Kaj Engblom,16,4,9,13,3,0,0,-,-,-,-,-,-,-,,,,,,,,,,,,,,,,,,,,,,,,,,,,,,,,,,,,,,,
,(MV) Matias Virta,16,0,0,0,0,0,0,-,-,-,-,-,-,-,,,,,,,,,,,,,,,,,,,,,,,,,,,,,,,,,,,,,,,
,Jesse Höykinpuro,16,3,3,6,6,0,1,-,-,-,-,-,-,-,,,,,,,,,,,,,,,,,,,,,,,,,,,,,,,,,,,,,,,
,,,,,,,,,,,,,,,,,,,,,,,,,,,,,,,,,,,,,,,,,,,,,,,,,,,,,,
,,,,,,,,,,,,,,,,,,,,,,,,,,,,,,,,,,,,,,,,,,,,,,,,,,,,,,
,,,,,,,,,,,,,,,,,,,,,,,,,,,,,,,,,,,,,,,,,,,,,,,,,,,,,,
,KAUSI 2015-2016,IV-DIV,,,,,,,,,,,,,,,,,,,,,,,,,,,,,,,,,,,,,,,,,,,,,,,,,,,,
,,,,,,,,,,,,,,,,,,,,,,,,,,,,,,,,,,,,,,,,,,,,,,,,,,,,,,
,,O,M,S,P,J,Ratk,YV,AV,RL,0-peli,SR,TV,Hattu,TM,,,,,,,,,,,,,,,,,,,,,,,,,,,,,,,,,,,,,,,
,Joni Vainio,20,12,4,16,1,2,0,-,1/1,-,-,-,1,-,,,,,,,,,,,,,,,,,,,,,,,,,,,,,,,,,,,,,,,
,Ville Koivisto,20,19,12,31,2,0,4,-,-,-,-,-,2,-,,,,,,,,,,,,,,,,,,,,,,,,,,,,,,,,,,,,,,,
,Matias Mäkilä,20,8,2,10,0,0,0,-,0/1,-,-,-,-,-,,,,,,,,,,,,,,,,,,,,,,,,,,,,,,,,,,,,,,,
,Mauri Kurri,20,3,1,4,2,1,0,-,-,-,-,-,-,-,,,,,,,,,,,,,,,,,,,,,,,,,,,,,,,,,,,,,,,
,Miika Oja-Nisula,20,4,4,8,1,0,0,-,-,-,-,-,-,-,,,,,,,,,,,,,,,,,,,,,,,,,,,,,,,,,,,,,,,
,Mika Aaltonen,20,11,14,25,1,4,1,-,-,-,-,-,-,-,,,,,,,,,,,,,,,,,,,,,,,,,,,,,,,,,,,,,,,
,Jarno Peltola,20,6,15,21,0,0,1,-,-,-,-,-,-,-,,,,,,,,,,,,,,,,,,,,,,,,,,,,,,,,,,,,,,,
,Ville Mettälä,20,0,5,5,0,0,0,-,-,-,-,-,-,-,,,,,,,,,,,,,,,,,,,,,,,,,,,,,,,,,,,,,,,
,Tuukka Mettälä,20,3,4,7,0,0,0,-,-,-,-,-,-,-,,,,,,,,,,,,,,,,,,,,,,,,,,,,,,,,,,,,,,,
,Henrik Lehtonen,20,2,4,6,1,0,0,-,-,-,-,-,-,-,,,,,,,,,,,,,,,,,,,,,,,,,,,,,,,,,,,,,,,
,Sami Pöllänen,20,3,2,5,2,0,0,-,-,-,-,-,-,-,,,,,,,,,,,,,,,,,,,,,,,,,,,,,,,,,,,,,,,
,Atte Nieminen,20,10,3,13,0,0,0,-,-,-,-,-,1,-,,,,,,,,,,,,,,,,,,,,,,,,,,,,,,,,,,,,,,,
,Kaj Engblom,20,6,7,13,2,0,0,-,0/1,-,-,-,-,-,,,,,,,,,,,,,,,,,,,,,,,,,,,,,,,,,,,,,,,
,Esa Mäki,20,0,1,1,0,0,0,-,-,-,-,-,-,-,,,,,,,,,,,,,,,,,,,,,,,,,,,,,,,,,,,,,,,
,Jussi Vuoria,20,0,0,0,0,0,0,-,-,-,-,-,-,-,,,,,,,,,,,,,,,,,,,,,,,,,,,,,,,,,,,,,,,
,,,,,,,,,,,,,,,,,,,,,,,,,,,,,,,,,,,,,,,,,,,,,,,,,,,,,,
,,,,,,,,,,,,,,,,,,,,,,,,,,,,,,,,,,,,,,,,,,,,,,,,,,,,,,
,,,,,,,,,,,,,,,,,,,,,,,,,,,,,,,,,,,,,,,,,,,,,,,,,,,,,,
,KAUSI 2014-2015,IV-DIV,,,,,,,,,,,,,,,,,,,,,,,,,,,,,,,,,,,,,,,,,,,,,,,,,,,,
,,,,,,,,,,,,,,,,,,,,,,,,,,,,,,,,,,,,,,,,,,,,,,,,,,,,,,
,,O,M,S,P,J,Ratk,YV,AV,RL,0-peli,SR,TV,Hattu,TM,,,,,,,,,,,,,,,,,,,,,,,,,,,,,,,,,,,,,,,
,Timo Suominen,3,0,1,1,0,-,-,-,-,-,-,-,-,-,,,,,,,,,,,,,,,,,,,,,,,,,,,,,,,,,,,,,,,
,Samuli Sutinen,18,2,2,4,0,-,-,-,-,-,-,-,-,-,,,,,,,,,,,,,,,,,,,,,,,,,,,,,,,,,,,,,,,
,Kaj Engblom,18,25,20,45,2,2,3,-,1/2,-,-,-,3,-,,,,,,,,,,,,,,,,,,,,,,,,,,,,,,,,,,,,,,,
,Atte Nieminen,16,6,4,10,0,1,1,-,-,-,-,-,-,-,,,,,,,,,,,,,,,,,,,,,,,,,,,,,,,,,,,,,,,
,Ville Koivisto,18,11,7,18,33,2,1,-,-,-,-,-,1,-,,,,,,,,,,,,,,,,,,,,,,,,,,,,,,,,,,,,,,,
,Mauri Kurri,18,2,2,4,2,1,-,-,-,-,-,-,-,-,,,,,,,,,,,,,,,,,,,,,,,,,,,,,,,,,,,,,,,
,Mika Aaltonen,16,13,8,21,2,-,-,-,-,-,-,1,2,-,,,,,,,,,,,,,,,,,,,,,,,,,,,,,,,,,,,,,,,
,Jarno Peltola,18,5,11,16,0,-,-,-,-,-,-,-,-,1,,,,,,,,,,,,,,,,,,,,,,,,,,,,,,,,,,,,,,,
,Sampo Suvitie,10,0,1,1,0,-,-,-,-,-,-,-,-,-,,,,,,,,,,,,,,,,,,,,,,,,,,,,,,,,,,,,,,,
,Sami Pöllänen,17,5,1,6,2,2,-,-,-,-,-,-,-,-,,,,,,,,,,,,,,,,,,,,,,,,,,,,,,,,,,,,,,,
,Tuukka Mettälä,15,4,8,12,2,-,-,-,-,-,-,-,-,-,,,,,,,,,,,,,,,,,,,,,,,,,,,,,,,,,,,,,,,
,Ville Mettälä,14,4,3,7,0,1,-,-,-,-,-,-,1,-,,,,,,,,,,,,,,,,,,,,,,,,,,,,,,,,,,,,,,,
,Henrik Lehtonen,15,1,3,4,2,1,-,-,-,-,-,-,-,-,,,,,,,,,,,,,,,,,,,,,,,,,,,,,,,,,,,,,,,
,Miika Oja-Nisula,14,5,3,8,0,1,-,-,-,-,-,-,1,-,,,,,,,,,,,,,,,,,,,,,,,,,,,,,,,,,,,,,,,
,Jussi Uusi-Mikkola,9,1,2,3,12,-,-,-,-,-,-,-,-,-,,,,,,,,,,,,,,,,,,,,,,,,,,,,,,,,,,,,,,,
,Ville Rinnola,16,4,5,9,2,-,-,-,-,-,-,-,-,1,,,,,,,,,,,,,,,,,,,,,,,,,,,,,,,,,,,,,,,
,Matias Mäkilä,16,6,1,7,0,1,-,-,-,-,1,-,-,-,,,,,,,,,,,,,,,,,,,,,,,,,,,,,,,,,,,,,,,
,Esa Mäki (MV),18,-,0,0,0,-,-,-,-,2,-,-,-,-,,,,,,,,,,,,,,,,,,,,,,,,,,,,,,,,,,,,,,,
,,269,94,82,176,59,12,5,0,0,2,1,1,8,2,,,,,,,,,,,,,,,,,,,,,,,,,,,,,,,,,,,,,,,
,,,,,,,,,,,,,,,,,,,,,,,,,,,,,,,,,,,,,,,,,,,,,,,,,,,,,,
,,,,,,,,,,,,,,,,,,,,,,,,,,,,,,,,,,,,,,,,,,,,,,,,,,,,,,
,KAUSI 2013-2014,IV-DIV,,,,,,,,,,,,,,,,,,,,,,,,,,,,,,,,,,,,,,,,,,,,,,,,,,,,
,,,,,,,,,,,,,,,,,,,,,,,,,,,,,,,,,,,,,,,,,,,,,,,,,,,,,,
,,O,M,S,P,J,Ratk,YV,AV,RL,0-peli,SR,TV,Hattu,TM,,,,,,,,,,,,,,,,,,,,,,,,,,,,,,,,,,,,,,,
,Timo Suominen,2,0,0,0,0,-,-,-,-,-,-,-,-,-,,,,,,,,,,,,,,,,,,,,,,,,,,,,,,,,,,,,,,,
,Samuli Sutinen,10,2,5,7,2,-,-,-,-,-,-,-,-,-,,,,,,,,,,,,,,,,,,,,,,,,,,,,,,,,,,,,,,,
,Kaj Engblom,15,16,21,37,2,1,-,-,1/1,-,1,-,1,-,,,,,,,,,,,,,,,,,,,,,,,,,,,,,,,,,,,,,,,
,Atte Nieminen,13,10,4,14,8,1,-,-,-,-,,-,1,-,,,,,,,,,,,,,,,,,,,,,,,,,,,,,,,,,,,,,,,
,Ville Koivisto,17,18,15,33,12,4,3,-,-,-,-,-,2,1,,,,,,,,,,,,,,,,,,,,,,,,,,,,,,,,,,,,,,,
,Mauri Kurri,8,1,3,4,0,-,-,-,-,-,-,-,-,-,,,,,,,,,,,,,,,,,,,,,,,,,,,,,,,,,,,,,,,
,Mika Aaltonen,13,16,3,19,6,1,2,1,-,-,1,1,1,-,,,,,,,,,,,,,,,,,,,,,,,,,,,,,,,,,,,,,,,
,Sampo Suvitie,5,1,2,3,0,-,-,-,-,-,-,-,-,-,,,,,,,,,,,,,,,,,,,,,,,,,,,,,,,,,,,,,,,
,Sami Pöllänen,10,2,3,5,2,2,-,-,-,-,-,-,-,-,,,,,,,,,,,,,,,,,,,,,,,,,,,,,,,,,,,,,,,
,Tuukka Mettälä,11,3,9,12,2,-,-,-,-,-,-,-,-,-,,,,,,,,,,,,,,,,,,,,,,,,,,,,,,,,,,,,,,,
,Aki Kuntonen,2,0,0,0,0,-,-,-,-,-,-,-,-,-,,,,,,,,,,,,,,,,,,,,,,,,,,,,,,,,,,,,,,,
,Henrik Lehtonen,8,9,3,12,0,-,1,-,-,-,-,-,-,-,,,,,,,,,,,,,,,,,,,,,,,,,,,,,,,,,,,,,,,
,Ville Suominen,3,0,0,0,0,-,-,-,-,-,-,-,-,-,,,,,,,,,,,,,,,,,,,,,,,,,,,,,,,,,,,,,,,
,Jori Murto,4,1,1,2,0,-,-,-,-,-,-,-,-,-,,,,,,,,,,,,,,,,,,,,,,,,,,,,,,,,,,,,,,,
,Matias Mäkilä,6,1,0,1,4,-,-,-,-,-,-,-,-,-,,,,,,,,,,,,,,,,,,,,,,,,,,,,,,,,,,,,,,,
,Esa Mäki (MV),18,-,0,0,0,-,-,-,-,1,-,-,-,-,,,,,,,,,,,,,,,,,,,,,,,,,,,,,,,,,,,,,,,
,,145,80,69,149,38,9,6,1,0,1,2,1,5,1,,,,,,,,,,,,,,,,,,,,,,,,,,,,,,,,,,,,,,,
,,,,,,,,,,,,,,,,,,,,,,,,,,,,,,,,,,,,,,,,,,,,,,,,,,,,,,
,,,,,,,,,,,,,,,,,,,,,,,,,,,,,,,,,,,,,,,,,,,,,,,,,,,,,,
,KAUSI 2012-2013,V-DIV,,,,,,,,,,,,,,,,,,,,,,,,,,,,,,,,,,,,,,,,,,,,,,,,,,,,
,,,,,,,,,,,,,,,,,,,,,,,,,,,,,,,,,,,,,,,,,,,,,,,,,,,,,,
,,O,M,S,P,J,Ratk,YV,AV,RL,0-peli,SR,TV,Hattu,,,,,,,,,,,,,,,,,,,,,,,,,,,,,,,,,,,,,,,,
,Niko Nynäs,12,5,2,7,2,2,-,-,-,-,-,-,-,,,,,,,,,,,,,,,,,,,,,,,,,,,,,,,,,,,,,,,,
,Timo Suominen,10,2,0,2,0,-,-,-,-,-,-,-,-,,,,,,,,,,,,,,,,,,,,,,,,,,,,,,,,,,,,,,,,
,Samuli Sutinen,17,4,6,10,2,-,-,-,-,-,-,-,-,,,,,,,,,,,,,,,,,,,,,,,,,,,,,,,,,,,,,,,,
,Esa Saarnio,10,5,3,8,2,-,-,-,-,-,-,-,1,,,,,,,,,,,,,,,,,,,,,,,,,,,,,,,,,,,,,,,,
,Kaj Engblom,11,7,27,34,4,1,-,-,1/2,-,-,-,-,,,,,,,,,,,,,,,,,,,,,,,,,,,,,,,,,,,,,,,,
,Juuso Helander,13,5,3,8,4,-,-,-,-,-,1,-,1,,,,,,,,,,,,,,,,,,,,,,,,,,,,,,,,,,,,,,,,
,Matti Salonen,15,23,5,28,63,3,-,1,-,-,-,1,3,,,,,,,,,,,,,,,,,,,,,,,,,,,,,,,,,,,,,,,,
,Mauri Kurri,13,2,1,3,6,1,-,-,-,-,-,-,-,,,,,,,,,,,,,,,,,,,,,,,,,,,,,,,,,,,,,,,,
,Mika Aaltonen,12,12,3,15,0,2,1,1,-,-,-,-,2,,,,,,,,,,,,,,,,,,,,,,,,,,,,,,,,,,,,,,,,
,Sampo Suvitie,7,0,0,0,2,-,-,-,-,-,-,-,-,,,,,,,,,,,,,,,,,,,,,,,,,,,,,,,,,,,,,,,,
,Lasse Saarnio,17,9,15,24,2,1,-,-,-,-,-,-,1,,,,,,,,,,,,,,,,,,,,,,,,,,,,,,,,,,,,,,,,
,Sampsa Leinonen,11,1,6,7,2,-,-,-,-,-,-,-,-,,,,,,,,,,,,,,,,,,,,,,,,,,,,,,,,,,,,,,,,
,Aki Kuntonen,7,4,2,6,0,-,1,-,-,-,-,-,-,,,,,,,,,,,,,,,,,,,,,,,,,,,,,,,,,,,,,,,,
,Henrik Lehtonen,15,8,2,10,0,1,2,-,-,-,-,-,1,,,,,,,,,,,,,,,,,,,,,,,,,,,,,,,,,,,,,,,,
,Jussi Uusi-Mikkola,15,3,6,9,0,-,-,-,-,-,-,-,-,,,,,,,,,,,,,,,,,,,,,,,,,,,,,,,,,,,,,,,,
,Jori Murto,7,4,1,5,0,-,-,-,-,-,-,-,-,,,,,,,,,,,,,,,,,,,,,,,,,,,,,,,,,,,,,,,,
,Jussi Vuoria (MV),14,0,0,0,0,-,-,-,-,1,-,-,-,,,,,,,,,,,,,,,,,,,,,,,,,,,,,,,,,,,,,,,,
,Esa Mäki (MV),15,0,1,1,0,-,-,-,-,1,-,-,-,,,,,,,,,,,,,,,,,,,,,,,,,,,,,,,,,,,,,,,,
,,221,94,83,177,89,11,4,2,0,2,1,1,9,,,,,,,,,,,,,,,,,,,,,,,,,,,,,,,,,,,,,,,,
,,,,,,,,,,,,,,,,,,,,,,,,,,,,,,,,,,,,,,,,,,,,,,,,,,,,,,
,,,,,,,,,,,,,,,,,,,,,,,,,,,,,,,,,,,,,,,,,,,,,,,,,,,,,,
,KAUSI 2011-2012,IV-DIV,,,,,,,,,,,,,,,,,,,,,,,,,,,,,,,,,,,,,,,,,,,,,,,,,,,,
,,,,,,,,,,,,,,,,,,,,,,,,,,,,,,,,,,,,,,,,,,,,,,,,,,,,,,
,,O,M,S,P,J,Ratk,YV,AV,RL,0-peli,SR,TV,Hattu,,,,,,,,,,,,,,,,,,,,,,,,,,,,,,,,,,,,,,,,
,Niko Nynäs,18,2,5,7,2,1,-,-,-,-,-,-,-,,,,,,,,,,,,,,,,,,,,,,,,,,,,,,,,,,,,,,,,
,Jaakko Toivola,16,5,5,10,0,-,-,-,-,-,-,-,-,,,,,,,,,,,,,,,,,,,,,,,,,,,,,,,,,,,,,,,,
,Kaj Engblom,17,18,16,34,56,1,1,2,1 / 2,-,1,1,-,,,,,,,,,,,,,,,,,,,,,,,,,,,,,,,,,,,,,,,,
,Mika Javanainen,16,2,2,4,2,-,-,-,-,-,-,-,-,,,,,,,,,,,,,,,,,,,,,,,,,,,,,,,,,,,,,,,,
,Juuso Helander,16,7,5,12,2,1,-,-,-,-,-,-,1,,,,,,,,,,,,,,,,,,,,,,,,,,,,,,,,,,,,,,,,
,Matti Salonen,17,3,3,6,41,-,1,-,-,-,-,-,-,,,,,,,,,,,,,,,,,,,,,,,,,,,,,,,,,,,,,,,,
,Mauri Kurri,17,3,5,8,14,-,1,-,-,-,-,-,-,,,,,,,,,,,,,,,,,,,,,,,,,,,,,,,,,,,,,,,,
,Mika Aaltonen,16,11,7,18,2,1,-,-,-,-,-,-,-,,,,,,,,,,,,,,,,,,,,,,,,,,,,,,,,,,,,,,,,
,Sampo Suvitie,14,0,4,4,0,-,-,-,-,-,-,-,-,,,,,,,,,,,,,,,,,,,,,,,,,,,,,,,,,,,,,,,,
,Lasse Saarnio,17,8,5,13,6,1,-,-,-,-,1,1,-,,,,,,,,,,,,,,,,,,,,,,,,,,,,,,,,,,,,,,,,
,Sampsa Leinonen,13,2,2,4,33,1,-,-,-,-,-,-,-,,,,,,,,,,,,,,,,,,,,,,,,,,,,,,,,,,,,,,,,
,Jori Murto,18,9,2,11,2,1,2,-,-,-,-,-,-,,,,,,,,,,,,,,,,,,,,,,,,,,,,,,,,,,,,,,,,
,Matias Mäkilä (C),14,0,0,0,0,-,-,-,-,-,-,-,-,,,,,,,,,,,,,,,,,,,,,,,,,,,,,,,,,,,,,,,,
,Jussi Vuoria (MV),16,0,0,0,0,-,-,-,2 / 2 t,1,-,-,-,,,,,,,,,,,,,,,,,,,,,,,,,,,,,,,,,,,,,,,,
,Hans Hilden (MV),4,0,0,0,0,-,-,-,-,-,-,-,-,,,,,,,,,,,,,,,,,,,,,,,,,,,,,,,,,,,,,,,,
,,229,70,61,131,160,7,5,2,0,1,2,2,1,,,,,,,,,,,,,,,,,,,,,,,,,,,,,,,,,,,,,,,,
